/*
 Navicat Premium Data Transfer

 Source Server         : ConcnetradorOfi
 Source Server Type    : MySQL
 Source Server Version : 100147 (10.1.47-MariaDB)
 Source Host           : 192.168.0.1:3306
 Source Schema         : admincomercio_db

 Target Server Type    : MySQL
 Target Server Version : 100147 (10.1.47-MariaDB)
 File Encoding         : 65001

 Date: 27/12/2023 12:30:08
*/

SET NAMES utf8mb4;
SET FOREIGN_KEY_CHECKS = 0;

-- ----------------------------
-- Table structure for tbl_agencias
-- ----------------------------
CREATE TABLE `tbl_agencias`  (
  `id` int NOT NULL AUTO_INCREMENT,
  `nombre` varchar(20) CHARACTER SET latin1 COLLATE latin1_swedish_ci NOT NULL,
  `dominio` varchar(50) CHARACTER SET latin1 COLLATE latin1_swedish_ci NOT NULL,
  `fecha` int NOT NULL,
  `url` varchar(200) CHARACTER SET latin1 COLLATE latin1_spanish_ci NULL DEFAULT NULL,
  PRIMARY KEY (`id`) USING BTREE
) ENGINE = InnoDB AUTO_INCREMENT = 17 CHARACTER SET = latin1 COLLATE = latin1_swedish_ci;

-- ----------------------------
-- Records of tbl_agencias
-- ----------------------------
BEGIN;
INSERT INTO `tbl_agencias` (`id`, `nombre`, `dominio`, `fecha`, `url`) VALUES (1, 'Travels and Discover', 'travelsandiscovery.com', 1477331356, 'https://www.travelsandiscoverytours.com/paid'), (2, 'Caribeantravelweb', 'caribeantravelweb.com', 1477331356, 'https://www.caribeantravelweb.com/paid'), (3, 'Tropical Natur', 'tropicalnatur.com', 1477331356, 'https://www.tropicalnatur.com/paid'), (4, 'Caribeantravelway', 'caribeantravelway.com', 1477331356, 'https://www.caribbeantravelway.com/portal/paid'), (5, 'Bidaiondo', 'bidaiondo.com', 1477331356, 'https://www.bidaiondo.com'), (6, 'Publinet', 'publinetservicios.com', 1477331356, 'https://www.publinetservicios.com'), (7, 'Test Environtment', '', 1509127373, NULL), (8, 'BidaiTravel', 'bidaitravel.com', 1516203217, 'https://www.bidaitravel.com/paid'), (9, 'prueba', 'localhost', 1547928764, 'https://www.tropicalnatur.com/paid'), (10, 'Shop Center', 'cubashoppingcenter.com', 1572959120, 'https://www.cubashoppingcenter.com/paid'), (11, 'AisRemesas online', 'aisremesas.online.com', 1602257842, 'https://www.aisremesas.online/paid'), (12, 'Transmovil', 'bolsatransfermovil.com', 1602257842, 'https://www.bolsatransfermovil.com/paid/'), (13, 'Tocopay', 'tocopay.com', 1633533863, 'https://www.tocopay.com/paid'), (14, 'Travels and Discover', 'travelsandiscovery.net', 1640018102, 'https://www.travelsandiscoverytours.net/paid'), (15, 'Vidaipay', 'vidaipay.com', 1671221389, 'https://www.vidaipay.com/paid'), (16, 'Bidaitours', 'www.bidaitours.com', 1697652356, 'https://www.bidaitours.com/paid');
COMMIT;

-- ----------------------------
-- Table structure for tbl_bancos
-- ----------------------------
CREATE TABLE `tbl_bancos`  (
  `id` smallint NOT NULL AUTO_INCREMENT,
  `banco` varchar(40) CHARACTER SET latin1 COLLATE latin1_swedish_ci NOT NULL,
  `ica` varchar(6) CHARACTER SET latin1 COLLATE latin1_swedish_ci NOT NULL DEFAULT '000000',
  PRIMARY KEY (`id`) USING BTREE
) ENGINE = InnoDB AUTO_INCREMENT = 41 CHARACTER SET = latin1 COLLATE = latin1_swedish_ci;

-- ----------------------------
-- Records of tbl_bancos
-- ----------------------------
BEGIN;
INSERT INTO `tbl_bancos` (`id`, `banco`, `ica`) VALUES (1, 'BBVA', '000000'), (2, 'Sabadell', '000000'), (3, 'Banesto', '000000'), (4, 'Banca Privada de And', '000000'), (5, 'Republic Bank', '000000'), (6, 'Bankia', '000000'), (7, 'Abanca', '000000'), (8, 'Santander', '000000'), (9, 'Caixa Catalunya', '000000'), (10, 'Caixa Bank', '000000'), (11, 'AndBank', '000000'), (12, 'Banca Sabadell', '000000'), (13, 'Laboral Kutxa', '000000'), (14, 'IDirect', '000000'), (15, 'Ibercaja', '000000'), (16, 'Paguelofacil', '000000'), (17, 'Caja Rural de Nav.', '000000'), (18, 'Caixa Geral', '000000'), (19, 'Wirecard', '000000'), (20, 'Credit Andorra', '000000'), (21, 'Vall Bank', '000000'), (22, 'BancaMarch', '019199'), (23, 'Triodos', '000000'), (24, 'Banco Popular Español', '000000'), (25, 'Entidad de Pago TefPay', '000000'), (26, 'Banco Central Europeo', '000000'), (27, 'Banco Nacional de Cuba', '000000'), (28, 'XE', '000000'), (29, 'Visa', '000000'), (30, 'Bankinter', '000000'), (31, 'UniversalPay', '000000'), (32, 'Pecunpay', '000000'), (33, 'Titanes', '000000'), (34, 'Caja Ingenieros', '000000'), (35, 'AfonePaiement', '000000'), (36, 'Unicaja', '000000'), (37, 'Kutxabank', '016281'), (38, 'Caja Mar', '000000'), (39, 'Stripe', '000000'), (40, 'Coingate', '000000');
COMMIT;

-- ----------------------------
-- Table structure for tbl_cenAuto
-- ----------------------------
CREATE TABLE `tbl_cenAuto`  (
  `id` smallint NOT NULL AUTO_INCREMENT,
  `nombre` varchar(20) CHARACTER SET latin1 COLLATE latin1_swedish_ci NOT NULL,
  `urlPro` varchar(100) CHARACTER SET latin1 COLLATE latin1_swedish_ci NOT NULL,
  `urlDes` varchar(100) CHARACTER SET latin1 COLLATE latin1_swedish_ci NOT NULL,
  `tipo` varchar(30) CHARACTER SET latin1 COLLATE latin1_swedish_ci NOT NULL COMMENT 'tipo de integración',
  `fecha` int NOT NULL,
  `datos` text CHARACTER SET latin1 COLLATE latin1_swedish_ci NOT NULL,
  `urlXml` varchar(100) CHARACTER SET latin1 COLLATE latin1_swedish_ci NOT NULL,
  PRIMARY KEY (`id`) USING BTREE
) ENGINE = InnoDB AUTO_INCREMENT = 26 CHARACTER SET = latin1 COLLATE = latin1_swedish_ci COMMENT = 'Centros autorizadores';

-- ----------------------------
-- Records of tbl_cenAuto
-- ----------------------------
BEGIN;
INSERT INTO `tbl_cenAuto` (`id`, `nombre`, `urlPro`, `urlDes`, `tipo`, `fecha`, `datos`, `urlXml`) VALUES (1, 'Prueba', '', 'http://localhost/concentrador/simBanco.php', 'form', 1414068825, '{\"Num_operacion\":\";trans;\",\"Importe\":\";importe;\",\"TipoMoneda\":\";moneda;\",\"URL_OK\":\";urlok;\",\"URL_NOK\":\";urlko;\",\"Idioma\":\";idioma;\",\"lleg\":\";urlcomercio;\"}', ''), (2, 'Sermepa', 'https://sis.sermepa.es/sis/realizarPago', '', 'form', 1414068825, '{\"Ds_Merchant_Amount\":\";importe;\",\"Ds_Merchant_Currency\":\";moneda;\",\"Ds_Merchant_Order\":\";trans;\",\"Ds_Merchant_ProductDescription\":\";producto;\",\"Ds_Merchant_Titular\":\";titular;\",\"Ds_Merchant_MerchantCode\":\";idCom;\",\"Ds_Merchant_MerchantURL\":\";urlcomercio;\",\"Ds_Merchant_UrlOK\":\";urlok;\",\"Ds_Merchant_UrlKO\":\";urlko;\",\"Ds_Merchant_MerchantName\":\";comName;\",\"Ds_Merchant_PayMethods\":\";T;\",\"Ds_Merchant_ConsumerLanguage\":\";idioma;\",\"Ds_Merchant_MerchantSignature\":\";Digest;\",\"Ds_Merchant_Terminal\":\";terminal;\",\"Ds_Merchant_TransactionType\":\";tipoTrans;\"}', ''), (3, 'Redsys', 'https://sis.redsys.es/sis/realizarPago', 'https://sis-t.redsys.es:25443/sis/realizarPago', 'form', 1414068825, '{\"Ds_Merchant_Amount\":\";importe;\",\"Ds_Merchant_Currency\":\";moneda;\",\"Ds_Merchant_Order\":\";trans;\",\"Ds_Merchant_Titular\":\";titular;\",\"Ds_Merchant_MerchantCode\":\";idCom;\",\"Ds_Merchant_MerchantURL\":\";urlcomercio;\",\"Ds_Merchant_UrlOK\":\";urlok;\",\"Ds_Merchant_UrlKO\":\";urlko;\",\"Ds_Merchant_MerchantName\":\";comName;\",\"Ds_Merchant_PayMethods\":\";T;\",\"Ds_Merchant_ConsumerLanguage\":\";idioma;\",\"Ds_Merchant_MerchantSignature\":\";Digest;\",\"Ds_Merchant_Terminal\":\";terminal;\",\"Ds_Merchant_TransactionType\":\";tipoTrans;\"}', 'https://sis.redsys.es/sis/operaciones'), (4, 'TefPay Cimex', 'https://payments.tefpay.com', 'https://intepayments.tefpay.com', 'form', 1414502787, '{\"Ds_Merchant_MerchantCode\":\";idCom;\",\"Ds_Merchant_TransactionType\":\";tipoTrans;\",\"Ds_Merchant_MerchantSignature\":\";Digest;\",\"Ds_Merchant_Url\":\";urlcomercio;\",\"Ds_Merchant_UrlOK\":\";urlok;\",\"Ds_Merchant_UrlKO\":\";urlko;\",\"Ds_Merchant_ClientId\":\";idremitente;\",\"Ds_Merchant_BeneficiaryId\":\";idbenef;\",\"Ds_Merchant_Amount\":\";importe;\",\"Ds_Merchant_Currency\":\";moneda;\",\"Ds_Merchant_MatchingData\":\";trans;\",\"Ds_Merchant_DeliveryType\":\";delivery;\",\"Ds_Merchant_AmountToSend\":\";importenvia;\",\"Ds_Merchant_CurrencyToSend\":\";monedaenv;\",\"Ds_Merchant_AmountToReceive\":\";importerecive;\",\"Ds_Merchant_CurrencyToReceive\":\";monedacuc;\",\"Ds_Merchant_Comission\":\";comision;\",\"Ds_Merchant_Reason\":\";rason;\",\"Ds_Merchant_BeneficiaryCity\":\";citybenef;\",\"Ds_Merchant_BeneficiaryCountry\":\";paisbenef;\",\"Ds_Merchant_Correspondent\":\";corresp;\",\"Ds_Merchant_SubCorrespondent\":\";subcorresp;\",\"Ds_Merchant_Branch\":\";branch;\",\"Ds_Merchant_Description\":\";mdescr;\",\"Ds_Merchant_BeneficiaryAccountNumber\":\";numcta;\",\"Ds_Merchant_BeneficiaryAccountType\":\";tipocta;\",\"Ds_Merchant_Lang\":\";idioma;\",\"Ds_Merchant_Terminal\":\";terminal;\"}', ''), (5, '4B', 'https://tpv.4b.es/tpvv/teargral.exe', 'https://tpv2.4b.es/simulador/teargral.exe', 'form', 1414068825, '{\"referencia\":\";referencia;\",\"comercio\":\";idCom;\",\"resto\":\";idioma;\"}', ''), (6, 'Sipay', 'https://sandbox.sipayecommerce.sipay.es:10010/api/v0/operations', 'https://sandbox.sipayecommerce.sipay.es:10010/api/v0/operations', 'iframe', 1414502787, '{\"username\":\";username;\",\"password\":\";password;\",\"apikey\":\";apikey;\",\"module\":\";module;\",\"authtype\":\";authtype;\",\"lang\":\";lang;\",\"merchantid\":\";merchantid;\",\"ticket\":\";ticket;\",\"amount\":\";amount;\",\"currency\":\";currency;\",\"css_url\":\";css_url;\",\"dstpageid\":\";dstpagaid;\"}', ''), (7, 'Pagantis', 'https://psp.pagantis.com/2/charges', 'https://psp.pagantis.com/2/charges', 'form', 1414502787, '', ''), (8, 'Ceca', 'https://pgw.ceca.es/tpvweb/tpv/compra.action', 'https://tpv.ceca.es/tpvweb/tpv/compra.action', 'form', 1414068825, '{\"MerchantID\":\";idCom;\",\"AcquirerBIN\":\";adqbin;\",\"TerminalID\":\";terminal;\",\"Num_operacion\":\";trans;\",\"Importe\":\";importe;\",\"TipoMoneda\":\";moneda;\",\"Exponente\":\";exponente;\",\"Cifrado\":\";encriptacion;\",\"URL_OK\":\";urlok;\",\"URL_NOK\":\";urlko;\",\"Firma\":\";Digest;\",\"Pago_soportado\":\";ssl;\",\"Idioma\":\";idioma;\"}', ''), (9, 'PayTpv', 'https://www.paytpv.com/gateway/ifgateway.php', '', 'iframe', 1414502787, '{\"ACCOUNT\":\";idCom;\",\"USERCODE\":\";code;\",\"TERMINAL\":\";terminal;\",\"REFERENCE\":\";trans;\",\"AMOUNT\":\";importe;\",\"CURRENCY\":\";moneda;\",\"OPERATION\":\";operation;\",\"URLOK\":\";urlok;\",\"URLKO\":\";urlko;\",\"SIGNATURE\":\";Digest;\",\"LANGUAGE\":\";idioma;\"}', ''), (10, 'Paguelofacil', 'https://secure.paguelofacil.com/PostDeamon.cfm?Unifier=SA&CCLW=codigoweb', 'https://dev.paguelofacil.com/PostDeamon.cfm', 'curl', 1441647027, '{\"Company\":\";company;\",\"Servicio\":\";servicio;\",\"Logo\":\";logo;\",\"Concepto\":\";concepto;\",\"Acreditar\":\";acreditar;\",\"Monto\":\";monto;\",\"NumeroTarjeta\":\";numerotarjeta;\",\"TipoTarjeta\":\";tipotarjeta;\",\"ExpMes\":\";expmes;\",\"ExpAno\":\";expano;\",\"SecurityCode\":\";securitycode;\",\"USR\":\";usr;\",\"Nombres\":\";nombres;\",\"Apellidos\":\";apellidos;\",\"Direccion\":\";direccion;\",\"Deal\":\";deal;\",\"returnUrl\":\";returnurl;\"}', ''), (11, 'Wirecard', 'https://checkout.wirecard.com/page/init.php', 'https://checkout.wirecard.com/page/init.php', 'form', 1468525771, '{\"customerId\":\";idCom;\",\"shopId\":\";shopId;\",\"amount\":\";importe;\",\"currency\":\";moneda;\",\"orderDescription\":\";producto;\",\"customerStatement\":\";titular;\",\"orderReference\":\";trans;\",\"duplicateRequestCheck\":\";duplCheck;\",\"successUrl\":\";urlok;\",\"cancelUrl\":\";urlko;\",\"failureUrl\":\";urlko;\",\"pendingUrl\":\";urlko;\",\"serviceUrl\":\";urlser;\",\"confirmUrl\":\";urlcomercio;\",\"language\":\";idioma;\",\"displayText\":\";displayText;\",\"imageUrl\":\";urlLogo;\",\"shopname_customParameter1\":\";shopname_customParameter1;\",\"shopname_customParameter2\":\";shopname_customParameter2;\",\"requestFingerprintOrder\":\";fgprtord;\",\"requestFingerprint\":\";Digest;\",\"paymenttype\":\";tipoTrans;\"}', ''), (12, 'PayTpvC', 'https://www.tropicalnatur.com/mod/entra.php', 'http://localhost/externo/entra.php', 'form', 1490626845, '{\"MERCHANT_MERCHANTCODE\":\";idCom;\",\"USERCODE\":\";code;\",\"MERCHANT_TERMINAL\":\";terminal;\",\"MERCHANT_ORDER\":\";trans;\",\"MERCHANT_AMOUNT\":\";importe;\",\"MERCHANT_CURRENCY\":\";moneda;\",\"OPERATION\":\";operation;\",\"MERCHANT_MERCHANTSIGNATURE\":\";Digest;\",\"LANGUAGE\":\";idioma;\",\"PASAR\":\";pasar;\",\"3DSECURE\":\";secu;\",\"JETID\":\";jetid;\",\"IDUSR\":\";idusr;\",\"TKUSR\":\";tkusr;\",\"M_CENAUTO\":\";cenauto;\",\"URLOK\":\";urlok;\",\"URLKO\":\";urlko;\",\"EMAIL\":\";email;\",\"COMERC\":\";comName;\",\"COMNOM\":\";comnomb;\"}', ''), (13, 'Tefpay', 'https://payments.tefpay.com', 'https://intepayments.tefpay.com', 'form', 1516714580, '{\"Ds_Merchant_MerchantCode\":\";idCom;\",\"Ds_Merchant_TransactionType\":\";tipoTrans;\",\"Ds_Merchant_MerchantSignature\":\";Digest;\",\"Ds_Merchant_Url\":\";urlcomercio;\",\"Ds_Merchant_UrlOK\":\";urlok;\",\"Ds_Merchant_UrlKO\":\";urlko;\",\"Ds_Merchant_Amount\":\";importe;\",\"Ds_Merchant_Currency\":\";moneda;\",\"Ds_Merchant_MatchingData\":\";trans;\",\"Ds_Merchant_Description\":\";producto;\",\"Ds_Merchant_Lang\":\";idioma;\",\"Ds_Merchant_Terminal\":\";terminal;\",\"Ds_Merchant_TerminalAuth\":\";terminalAuth;\",\"Ds_Merchant_ReceiveCurrency\":\";receiveCurrency;\"}', ''), (14, 'Xilema', 'https://public-pro.xilemapayments.com/estelaCore/gw/v1.0/', 'https://public-uat.xilemapayments.com/estelaCore/gw/v1.0/', 'form', 1530638056, '{\"Token\":\";Xitoken;\"}', ''), (15, 'Caribeantravelweb', 'https://www.caribeantravelweb.com/mod/entra.php', 'http://localhost/caribeantravelweb/entra.php', 'form', 1537283644, '{\"Ds_Merchant_Amount\":\";importe;\",\"Ds_Merchant_Currency\":\";moneda;\",\"Ds_Merchant_Order\":\";trans;\",\"Ds_Merchant_Titular\":\";titular;\",\"Ds_Merchant_MerchantCode\":\";idCom;\",\"Ds_Merchant_MerchantURL\":\";urlcomercio;\",\"Ds_Merchant_UrlOK\":\";urlok;\",\"Ds_Merchant_UrlKO\":\";urlko;\",\"Ds_Merchant_MerchantName\":\";comName;\",\"Ds_Merchant_PayMethods\":\";T;\",\"Ds_Merchant_ConsumerLanguage\":\";idioma;\",\"Ds_Merchant_MerchantSignature\":\";Digest;\",\"Ds_Merchant_Terminal\":\";terminal;\",\"Ds_Merchant_TransactionType\":\";tipoTrans;\",\"M_CENAUTO\":\";cenauto;\"}', ''), (16, 'CecaAgencias', 'https://pgw.ceca.es/tpvweb/tpv/compra.action', 'https://tpv.ceca.es/tpvweb/tpv/compra.action', 'melt', 1414068825, '{\"MerchantID\":\";idCom;\",\"AcquirerBIN\":\";adqbin;\",\"TerminalID\":\";terminal;\",\"Num_operacion\":\";trans;\",\"Importe\":\";importe;\",\"TipoMoneda\":\";moneda;\",\"Exponente\":\";exponente;\",\"Cifrado\":\";encriptacion;\",\"URL_OK\":\";urlok;\",\"URL_NOK\":\";urlko;\",\"Firma\":\";Digest;\",\"Pago_soportado\":\";ssl;\",\"Idioma\":\";idioma;\"}', ''), (17, 'RedsysAgencias', 'https://sis.redsys.es/sis/realizarPago', 'https://sis-t.redsys.es:25443/sis/realizarPago', 'melt', 1414068825, '{\"Ds_Merchant_Amount\":\";importe;\",\"Ds_Merchant_Currency\":\";moneda;\",\"Ds_Merchant_Order\":\";trans;\",\"Ds_Merchant_Titular\":\";titular;\",\"Ds_Merchant_MerchantCode\":\";idCom;\",\"Ds_Merchant_MerchantURL\":\";urlcomercio;\",\"Ds_Merchant_UrlOK\":\";urlok;\",\"Ds_Merchant_UrlKO\":\";urlko;\",\"Ds_Merchant_MerchantName\":\";comName;\",\"Ds_Merchant_PayMethods\":\";T;\",\"Ds_Merchant_ConsumerLanguage\":\";idioma;\",\"Ds_Merchant_MerchantSignature\":\";Digest;\",\"Ds_Merchant_Terminal\":\";terminal;\",\"Ds_Merchant_TransactionType\":\";tipoTrans;\",\"Ds_Merchant_Identifier\":\";identificador;\"}', 'https://sis.redsys.es/sis/operaciones'), (18, 'ComNPay', 'https://secure.comnpay.com', 'https://secure.homologation.comnpay.com', 'melt', 1564492083, '{\"montant\":\";importe;\",\"idTPE\":\";idCom;\",\"idTransaction\":\";trans;\",\"idCommande\":\";idCommande;\",\"devise\":\";moneda;\",\"lang\":\";idioma;\",\"nom_produit\":\";producto;\",\"source\":\";source;\",\"urlRetourOK\":\";urlok;\",\"urlRetourNKO\":\";urlko;\",\"typeTr\":\";tipoTrans;\",\"data\":\";trans;\",\"porteur\":\";porteur;\",\"abonnement\":\";abonnement;\",\"codeTemplate\":\";codeTemplate;\",\"panier\":\";panier;\",\"urlIPN\":\";urlcomercio;\",\"sec\":\";Digest;\"}', ''), (19, 'XilemaPre', 'https://public-pro.xilemapayments.com/estelaCore/gw/v1.0/', 'https://public-uat.xilemapayments.com/estelaCore/gw/v1.0/', 'form', 1530638056, '{\"Token\":\";Xitoken;\"}', ''), (20, 'BiPay', 'https://bipay2.administracomercios.com/bipay', 'https://bipay2.administracomercios.com/bipay', 'form', 1615475340, '{\"DS_MERCHANT_MERCHANTCODE\":\";idCom;\",\"DS_MERCHANT_TRANSACTIONTYPE\":\";tipoTrans;\",\"DS_MERCHANT_SIGNATURE\":\";Digest;\",\"DS_MERCHANT_URL\":\";urlcomercio;\",\"DS_MERCHANT_URLOK\":\";urlok;\",\"DS_MERCHANT_URLKO\":\";urlko;\",\"DS_MERCHANT_AMOUNT\":\";importe;\",\"DS_MERCHANT_CURRENCY\":\";moneda;\",\"DS_MERCHANT_ORDER\":\";trans;\",\"DS_MERCHANT_DESCRIPTION\":\";producto;\",\"DS_MERCHANT_LANG\":\";idioma;\",\"DS_SECURE_PAYMENT\":\";segura;\"}', ''), (21, 'SabadellMB', 'https://api.paycomet.com/gateway/ifr-bankstore', 'https://api.paycomet.com/gateway/ifr-bankstore', 'get', 1619200820, '{\"MERCHANT_TERMINAL\":\";terminal;\",\"MERCHANT_MERCHANTCODE\":\";idCom;\",\"OPERATION\":\";tipoTrans;\",\"MERCHANT_MERCHANTSIGNATURE\":\";Digest;\",\"URLOK\":\";urlok;\",\"URLKO\":\";urlko;\",\"MERCHANT_AMOUNT\":\";importe;\",\"MERCHANT_CURRENCY\":\";moneda;\",\"MERCHANT_ORDER\":\";trans;\",\"MERCHANT_PRODUCTDESCRIPTION\":\";producto;\",\"LANGUAGE\":\";idioma;\",\"3DSECURE\":\";segura;\",\"id\":\";trans;\"}', ''), (22, 'RedsysRefer', 'https://sis.redsys.es/sis/realizarPago', 'https://sis-t.redsys.es:25443/sis/realizarPago', 'form', 1620064498, '{\"Ds_Merchant_Amount\":\";importe;\",\"Ds_Merchant_Currency\":\";moneda;\",\"Ds_Merchant_Order\":\";trans;\",\"Ds_Merchant_Titular\":\";titular;\",\"Ds_Merchant_MerchantCode\":\";idCom;\",\"Ds_Merchant_MerchantURL\":\";urlcomercio;\",\"Ds_Merchant_UrlOK\":\";urlok;\",\"Ds_Merchant_UrlKO\":\";urlko;\",\"Ds_Merchant_MerchantName\":\";comName;\",\"Ds_Merchant_PayMethods\":\";T;\",\"Ds_Merchant_ConsumerLanguage\":\";idioma;\",\"Ds_Merchant_MerchantSignature\":\";Digest;\",\"Ds_Merchant_Terminal\":\";terminal;\",\"Ds_Merchant_TransactionType\":\";tipoTrans;\",\"Ds_Merchant_Identifier\":\";identificador;\"}', 'https://sis.redsys.es/sis/operaciones'), (23, 'BiPay', 'https://bipay2.administracomercios.com/bipay', 'https://bipay2.administracomercios.com/bipay', 'form', 1615475340, '{\"DS_MERCHANT_MERCHANTCODE\":\";idCom;\",\"DS_MERCHANT_TRANSACTIONTYPE\":\";tipoTrans;\",\"DS_MERCHANT_SIGNATURE\":\";Digest;\",\"DS_MERCHANT_URL\":\";urlcomercio;\",\"DS_MERCHANT_URLOK\":\";urlok;\",\"DS_MERCHANT_URLKO\":\";urlko;\",\"DS_MERCHANT_AMOUNT\":\";importe;\",\"DS_MERCHANT_CURRENCY\":\";moneda;\",\"DS_MERCHANT_ORDER\":\";trans;\",\"DS_MERCHANT_DESCRIPTION\":\";producto;\",\"DS_MERCHANT_LANG\":\";idioma;\",\"DS_SECURE_PAYMENT\":\";segura;\"}', ''), (24, 'Stripe', 'https://pagos.caribeantravelweb.com', 'https://pagos.caribeantravelweb.com', 'form', 1630506286, '{\"operid\":\";trans;\",\"moneda\":\";moneda;\",\"monto\":\";importe;\",\"firma\":\";Digest;\",\"locale\":\";idioma;\"}', ''), (25, 'Moneytigo', 'https://payment.moneytigo.com/init_transactions/', 'https://payment.moneytigo.com/init_transactions/', 'melt', 1649767056, '{\"MerchantKey\":\";idCom;\",\"amount\":\";importe;\",\"RefOrder\":\";trans;\",\"Customer_Email\":\";usr;\",\"Customer_Name\":\";nombres;\",\"Customer_FirstName\":\";apellidos;\",\"lang\":\";idioma;\",\"urlIPN\":\";urlcomercio;\",\"urlOK\":\";urlok;\",\"urlKO\":\";urlko;\"}', '');
COMMIT;

-- ----------------------------
-- Table structure for tbl_colPasarMon
-- ----------------------------
CREATE TABLE `tbl_colPasarMon`  (
  `id` int NOT NULL AUTO_INCREMENT,
  `idpasarela` smallint NOT NULL,
  `idmoneda` char(3) CHARACTER SET utf8 COLLATE utf8_spanish_ci NOT NULL,
  `terminal` varchar(10) CHARACTER SET latin1 COLLATE latin1_swedish_ci NOT NULL,
  `clave` varchar(128) CHARACTER SET latin1 COLLATE latin1_swedish_ci NOT NULL,
  `comercio` varchar(35) CHARACTER SET latin1 COLLATE latin1_swedish_ci NOT NULL,
  `fecha` int NOT NULL,
  `datos` varchar(200) CHARACTER SET latin1 COLLATE latin1_swedish_ci NULL DEFAULT NULL,
  `estado` tinyint NOT NULL DEFAULT 1 COMMENT '1 - Activo, 0 - Inactivo',
  PRIMARY KEY (`id`) USING BTREE,
  INDEX `idpasarela`(`idpasarela` ASC) USING BTREE,
  INDEX `idmoneda`(`idmoneda` ASC) USING BTREE,
  CONSTRAINT `FK_pasColPasarMon` FOREIGN KEY (`idpasarela`) REFERENCES `tbl_pasarela` (`idPasarela`) ON DELETE CASCADE ON UPDATE CASCADE,
  CONSTRAINT `tbl_colPasarMon_ibfk_1` FOREIGN KEY (`idmoneda`) REFERENCES `tbl_moneda` (`idmoneda`) ON DELETE CASCADE ON UPDATE CASCADE
) ENGINE = InnoDB AUTO_INCREMENT = 801 CHARACTER SET = latin1 COLLATE = latin1_swedish_ci;

-- ----------------------------
-- Records of tbl_colPasarMon
-- ----------------------------
BEGIN;
INSERT INTO `tbl_colPasarMon` (`id`, `idpasarela`, `idmoneda`, `terminal`, `clave`, `comercio`, `fecha`, `datos`, `estado`) VALUES (1, 30, '978', '8', 'qwertyasdf0123456789', '22551493', 1406653652, '', 1), (2, 30, '840', '1', 'qwertyasdf0123456789', '329976708', 1406653652, '', 1), (3, 38, '978', '1', 'i68H+G/2oCwWvUkmqjMPtgwYLbVm93gf', '333009215', 1413892410, '', 1), (4, 38, '840', '1', 'q6RwS724C9gzGoiuB77/OnyVsQgHmN/9', '333006054', 1413892410, '', 1), (5, 38, '826', '1', 'gBed5Q0obsFuxmdGpKdVl7eDsjAiwyMq', '333006187', 1413892410, '', 1), (6, 32, '978', '039', 'E77/S/3quMO5Blq7mAHqbp0xiHY2j5Zh', '285772844', 1452528650, '', 1), (16, 32, '124', '010', 'mUE7GERIq0b+YekXYofAfa88s/ULYPjy', '285772844', 1413892410, '', 1), (19, 32, '826', '007', 'QaBd3mG7djmRmBDbE26mjpntwt8qz0l7', '285772844', 1413892410, '', 1), (20, 32, '840', '006', 'EHDrgaRStyIs+grqo7hiO4O82MxKqsYk', '285772844', 1413892410, '', 1), (21, 23, '978', '004', 'daZfkK3D5hY82T2bnZhfJAVVDzJoW8B0', '285772844', 1413892411, '', 1), (22, 29, '978', '7', 'P6hGHyKWwuL03Rpw8BudtYErs8Dbp2UZ', '022551493', 1413892411, '', 1), (23, 1, '978', '', '', '', 1406653652, '', 1), (24, 1, '840', '', '', '', 1406653652, '', 1), (25, 13, '978', '', '', 'PI00024205', 1414068825, '', 1), (26, 13, '840', '', '', 'PI00024205', 1414068825, '', 1), (27, 13, '124', '', '', 'PI00024205', 1414068825, '', 1), (28, 31, '978', '1', 'zlNJyMCs5nvY1bN6q4O9MqzOBtqCHQlA', '327604799', 1413892408, '', 1), (29, 31, '949', '15', '2bFKlOoWyvxCVdbNuaGpRE09iwNFI6Dm', '327604799', 1413892408, '', 0), (31, 31, '986', '13', 'Ik7JM6yvifh9n2BIMRarH5Ue1+vWXsAN', '327604799', 1413892408, '', 0), (32, 31, '756', '12', 'NMHVUOYpW6YdLM//UVcCcDRUi0biGFfC', '327604799', 1413892408, '', 0), (33, 31, '604', '11', 'DYDq0SuOsn1u8pLZAvkdbGEsNHdqfPvb', '327604799', 1413892408, '', 0), (34, 31, '484', '10', 'Da/t/yKJjZp3QULsvSDw8ybV/y0rqnI6', '327604799', 1413892408, '', 0), (35, 31, '356', '9', 'oq5mg4I6nf6w/Z1JjfHQBLgLkyeRJ48i', '327604799', 1413892408, '', 0), (36, 31, '170', '8', '1roDRn+QEajo5OLAkeMGcO2xBzErMVUk', '327604799', 1413892408, '', 0), (37, 31, '152', '7', 'sq7HjrUOBfKmC576ILgskD5srU870gJ7', '327604799', 1413892408, '', 0), (38, 31, '124', '6', 'sJDH0WO3xFeXo6rt0IxosUSaMn34qfMm', '327604799', 1413892408, '', 1), (39, 31, '32', '5', 'dMnortTQGNQVBAoYDFAzyAmbenKftHoG', '327604799', 1413892408, '', 0), (40, 31, '392', '4', 'eoU8XmpEp8kEm0tz5/ZRvPqN8B2j6aRg', '327604799', 1413892408, '', 0), (41, 31, '826', '3', 'mJr382vANjQdfNk19GqfqlNH3RtMvQLf', '327604799', 1413892408, '', 1), (42, 31, '840', '2', 'WzA2OOFYH86EB2GREeON8JGHbYa49Twy', '327604799', 1413892408, '', 0), (43, 36, '978', '5', 'ysS75pfztKrrbJMYTxfyPOCPse96ftcb', '285772844', 1413892409, '', 0), (44, 36, '949', '34', 'ysS75pfztKrrbJMYTxfyPOCPse96ftcb', '285772844', 1413892409, '', 0), (45, 36, '986', '32', 'ysS75pfztKrrbJMYTxfyPOCPse96ftcb', '285772844', 1413892409, '', 0), (46, 36, '756', '31', 'ysS75pfztKrrbJMYTxfyPOCPse96ftcb', '285772844', 1413892409, '', 0), (47, 36, '604', '30', 'ysS75pfztKrrbJMYTxfyPOCPse96ftcb', '285772844', 1413892409, '', 0), (48, 36, '484', '29', 'ysS75pfztKrrbJMYTxfyPOCPse96ftcb', '285772844', 1413892409, '', 0), (49, 36, '356', '28', 'ysS75pfztKrrbJMYTxfyPOCPse96ftcb', '285772844', 1413892409, '', 0), (50, 36, '170', '27', 'ysS75pfztKrrbJMYTxfyPOCPse96ftcb', '285772844', 1413892409, '', 0), (51, 36, '152', '26', 'ysS75pfztKrrbJMYTxfyPOCPse96ftcb', '285772844', 1413892409, '', 0), (52, 36, '124', '25', 'ysS75pfztKrrbJMYTxfyPOCPse96ftcb', '285772844', 1413892409, '', 0), (53, 36, '32', '24', 'ysS75pfztKrrbJMYTxfyPOCPse96ftcb', '285772844', 1413892409, '', 0), (54, 36, '392', '23', 'ysS75pfztKrrbJMYTxfyPOCPse96ftcb', '285772844', 1413892409, '', 0), (55, 36, '826', '22', 'ysS75pfztKrrbJMYTxfyPOCPse96ftcb', '285772844', 1413892409, '', 0), (56, 36, '840', '21', 'ysS75pfztKrrbJMYTxfyPOCPse96ftcb', '285772844', 1413892409, '', 0), (57, 20, '978', '1', 'FawqyU7Lu1vEQ7XCWS2qQW7C3slDKYck', '33473539', 1413892409, '', 0), (58, 20, '949', '17', 'FawqyU7Lu1vEQ7XCWS2qQW7C3slDKYck', '33473539', 1413892409, '', 0), (59, 20, '986', '15', 'FawqyU7Lu1vEQ7XCWS2qQW7C3slDKYck', '33473539', 1413892409, '', 0), (60, 20, '756', '14', 'FawqyU7Lu1vEQ7XCWS2qQW7C3slDKYck', '33473539', 1413892409, '', 0), (61, 20, '604', '13', 'FawqyU7Lu1vEQ7XCWS2qQW7C3slDKYck', '33473539', 1413892409, '', 0), (62, 20, '484', '12', 'FawqyU7Lu1vEQ7XCWS2qQW7C3slDKYck', '33473539', 1413892409, '', 0), (63, 20, '356', '11', 'FawqyU7Lu1vEQ7XCWS2qQW7C3slDKYck', '33473539', 1413892409, '', 0), (64, 20, '170', '10', 'FawqyU7Lu1vEQ7XCWS2qQW7C3slDKYck', '33473539', 1413892409, '', 0), (65, 20, '152', '9', 'FawqyU7Lu1vEQ7XCWS2qQW7C3slDKYck', '33473539', 1413892409, '', 0), (66, 20, '124', '8', 'FawqyU7Lu1vEQ7XCWS2qQW7C3slDKYck', '33473539', 1413892409, '', 0), (67, 20, '32', '7', 'FawqyU7Lu1vEQ7XCWS2qQW7C3slDKYck', '33473539', 1413892409, '', 0), (68, 20, '392', '6', 'FawqyU7Lu1vEQ7XCWS2qQW7C3slDKYck', '33473539', 1413892409, '', 0), (69, 20, '826', '5', 'FawqyU7Lu1vEQ7XCWS2qQW7C3slDKYck', '33473539', 1413892410, '', 0), (70, 20, '840', '4', 'FawqyU7Lu1vEQ7XCWS2qQW7C3slDKYck', '33473539', 1413892410, '', 0), (71, 12, '978', '00000003', 'T21RAFBM', '054252135', 1414068825, '0000554026,2', 1), (74, 24, '978', '2707', 'gDp0rFNXPs3fYydQT6zn', 'g4fhcw8t', 1414068825, 'pCF2s3TVtmhHSgX6MyvN', 0), (75, 24, '949', '2707', 'gDp0rFNXPs3fYydQT6zn', 'g4fhcw8t', 1414068825, '', 0), (76, 24, '986', '2707', 'gDp0rFNXPs3fYydQT6zn', 'g4fhcw8t', 1414068825, '', 0), (77, 24, '756', '2707', 'gDp0rFNXPs3fYydQT6zn', 'g4fhcw8t', 1414068825, '', 0), (78, 24, '604', '2707', 'gDp0rFNXPs3fYydQT6zn', 'g4fhcw8t', 1414068825, '', 0), (79, 24, '484', '2707', 'gDp0rFNXPs3fYydQT6zn', 'g4fhcw8t', 1414068825, '', 0), (80, 24, '356', '2707', 'gDp0rFNXPs3fYydQT6zn', 'g4fhcw8t', 1414068825, '', 0), (81, 24, '170', '2707', 'gDp0rFNXPs3fYydQT6zn', 'g4fhcw8t', 1414068825, '', 0), (82, 24, '152', '2707', 'gDp0rFNXPs3fYydQT6zn', 'g4fhcw8t', 1414068825, '', 0), (83, 24, '124', '3411', 'StzghXj9rfRqsywTKv6L', 'g4fhcw8t', 1414068825, '4krbGDZKTXdc0LjzpBSY', 0), (84, 24, '32', '2707', 'gDp0rFNXPs3fYydQT6zn', 'g4fhcw8t', 1414068825, '', 0), (85, 24, '392', '2707', 'gDp0rFNXPs3fYydQT6zn', 'g4fhcw8t', 1414068825, '', 0), (86, 24, '826', '3413', 'mV5WCsFQnK47zMSd390D', 'g4fhcw8t', 1414068825, 'bfyB8DJZN2mrHSL0Qnz7', 0), (87, 24, '840', '3412', 'SBcrH7MGYCQXZqgzfpm4', 'g4fhcw8t', 1414068825, 'NK2f6xydVSkRrBvFm3jY', 0), (88, 21, '978', '2', 'FawqyU7Lu1vEQ7XCWS2qQW7C3slDKYck', '33473539', 1413892408, '', 0), (89, 21, '949', '31', 'FawqyU7Lu1vEQ7XCWS2qQW7C3slDKYck', '33473539', 1413892408, '', 0), (90, 21, '986', '29', 'FawqyU7Lu1vEQ7XCWS2qQW7C3slDKYck', '33473539', 1413892408, '', 0), (91, 21, '756', '28', 'FawqyU7Lu1vEQ7XCWS2qQW7C3slDKYck', '33473539', 1413892408, '', 0), (92, 21, '604', '27', 'FawqyU7Lu1vEQ7XCWS2qQW7C3slDKYck', '33473539', 1413892408, '', 0), (93, 21, '484', '26', 'FawqyU7Lu1vEQ7XCWS2qQW7C3slDKYck', '33473539', 1413892408, '', 0), (94, 21, '356', '25', 'FawqyU7Lu1vEQ7XCWS2qQW7C3slDKYck', '33473539', 1413892409, '', 0), (95, 21, '170', '24', 'FawqyU7Lu1vEQ7XCWS2qQW7C3slDKYck', '33473539', 1413892409, '', 0), (96, 21, '152', '23', 'FawqyU7Lu1vEQ7XCWS2qQW7C3slDKYck', '33473539', 1413892409, '', 0), (97, 21, '124', '22', 'FawqyU7Lu1vEQ7XCWS2qQW7C3slDKYck', '33473539', 1413892409, '', 0), (98, 21, '32', '21', 'FawqyU7Lu1vEQ7XCWS2qQW7C3slDKYck', '33473539', 1413892409, '', 0), (99, 21, '392', '20', 'FawqyU7Lu1vEQ7XCWS2qQW7C3slDKYck', '33473539', 1413892409, '', 0), (100, 21, '826', '19', 'FawqyU7Lu1vEQ7XCWS2qQW7C3slDKYck', '33473539', 1413892409, '', 0), (101, 21, '840', '18', 'FawqyU7Lu1vEQ7XCWS2qQW7C3slDKYck', '33473539', 1413892409, '', 0), (102, 39, '978', '', '', '5471eb08', 1407325593, ',,,iframe,sslclient,0,773,/css/sipay.css,../SipayCertif/E-Commerce.cliente.AMF_2.pem,../SipayCertif/E-Commerce.cliente.AMF.key', 1), (103, 40, '978', '', '13bf9b3b6c977569', 'tk_83044a154d963f693b5e7df0', 1414068825, '', 1), (104, 40, '840', '', '13bf9b3b6c977569', 'tk_83044a154d963f693b5e7df0', 1414068825, '', 1), (105, 40, '826', '', '13bf9b3b6c977569', 'tk_83044a154d963f693b5e7df0', 1414068825, '', 1), (106, 41, '978', '001', '05hqAAHV3gOKLFSaqH/mOnu+WvaJ/lql', '126260074', 1413892410, '', 1), (107, 41, '826', '003', 'BiheC+O+s/WKzo0CPFYqrGPhNTS3La9t', '126260074', 126260074, '', 1), (108, 41, '840', '002', 'WY2iBP215dBzLQDXlZ1bO9JhyQCu/oJu', '126260074', 1413892410, '', 1), (111, 41, '124', '006', 'VbGGCjvkaifkaCNtYFF9VQI78tqJCw3U', '126260074', 1413892410, '', 1), (121, 42, '978', '001', 'S54D5S45GH54SE7TW6E', '061226577', 1413892411, '', 1), (122, 3, '978', '', '', '', 1412351124, '', 1), (123, 10, '978', '4', '0B81Q46902U73925', '22551493', 1413892408, '', 1), (124, 10, '840', '6', 'M0P7062T65014683', '22551493', 1413892408, '', 1), (125, 10, '826', '5', '0A4C407VP7792U93', '22551493', 1413892408, '', 1), (126, 37, '978', '', '55ef04258db7a4.13217092', '003277589', 1414068825, '', 1), (127, 43, '978', '1', 'dYDJp7lggmZ1goeewNsRDzJLR9jwS1yC', '992156026', 1415903125, '', 1), (128, 44, '978', '9', 'AXW1FmHI+1z6ZuN6jTKb+wkjusCu4i+Z', '022551493', 1417694796, '', 1), (129, 43, '840', '2', 'who5CJBLxJ2eiPv/LWOw7tfCyI/HhUck', '992156026', 1417112008, '', 1), (130, 43, '826', '3', '+9YvrKyMe696iuqcxCN/uvJDBoBiPmXo', '992156026', 1417112008, '', 1), (131, 43, '124', '4', 'MLt69zjCQYlswWOthrS+LpRhjwMQ/fNl', '992156026', 1417112008, '', 1), (135, 44, '840', '10', '6c3TPeqtxBqvvD7oo+10HAVxYKfhhxb3', '022551493', 1417791301, '', 0), (136, 44, '826', '12', '9j+MDx47wnC5ETmB0Jo5uxZol9b++dSD', '022551493', 1417694796, '', 1), (137, 44, '124', '11', 'V/9sRywASi2PhXg7JtaYX6oiLZQOcfHk', '022551493', 1417694796, '', 1), (138, 45, '978', '1', 'ao5psiDHTnr6Hb3qZNdT870btgSgWaYz', '992156455', 1418408310, '', 1), (139, 45, '840', '3', 'ao5psiDHTnr6Hb3qZNdT870btgSgWaYz', '992156455', 1418408310, '', 1), (140, 45, '826', '2', 'ao5psiDHTnr6Hb3qZNdT870btgSgWaYz', '992156455', 1418408310, '', 1), (141, 45, '124', '5', 'ao5psiDHTnr6Hb3qZNdT870btgSgWaYz', '992156455', 1418408310, '', 1), (142, 46, '978', '1', 'zRllIBWg14aZqdG53MvZp8bFXwxXrvEP', '992156711', 0, '', 1), (143, 46, '840', '2', 'zRllIBWg14aZqdG53MvZp8bFXwxXrvEP', '992156711', 0, '', 1), (144, 46, '124', '3', 'zRllIBWg14aZqdG53MvZp8bFXwxXrvEP', '992156711', 0, '', 0), (145, 46, '826', '4', 'zRllIBWg14aZqdG53MvZp8bFXwxXrvEP', '992156711', 0, '', 1), (149, 50, '978', '00000003', '18IAS06T', '022551493', 1421245797, '0000554027,2', 1), (150, 51, '978', '1', 'aJRSGST8oMKxvfPEiJAC0XNGHwLjpQky', '058099193', 1422548539, '', 1), (154, 52, '978', '001', '05hqAAHV3gOKLFSaqH/mOnu+WvaJ/lql', '126350073', 1422968588, '', 1), (155, 52, '840', '002', 'o+3Ek2z0D/V0GrokddxyKAYr3zag9RcJ', '126350073', 1422968588, '', 1), (156, 52, '826', '003', '7pW0awNKb3hAKirtqJkuIfcyhvS+ben0', '126350073', 1422968588, '', 1), (157, 52, '124', '004', 'Y6uCI9ZPKFUk9nk+zsTMDWO17dFSr2Nl', '126350073', 1422968588, '', 1), (158, 53, '978', '00000003', 'FCBL33YT', '081476814', 1429198438, '0000554026,2', 1), (162, 56, '978', '001', 'OyncXvGE2njB4/hHtMu2qliAYGjJS/Ns', '333777738', 1433510608, '', 1), (163, 56, '840', '001', 'cXheHxtvnCiKPsCpefnsg4C2dJ6XNScR', '333777985', 1433770855, '', 1), (164, 57, '978', '', '', '', 1441647027, '', 1), (165, 56, '826', '001', '+pJK2Q3ba9rftU2gdc7kODy+QDVB6mD/', '333829877', 1441647027, '', 1), (166, 58, '978', '013', 'CUmuEqeRbqYTY3S7nt2/ynKs7ysTzOLw', '022551493', 1442859817, '', 1), (167, 59, '124', '007', 'JzdnoxZpeTHehTdEtRxxNIwOYMIxbG/o', '030631725', 1442859817, '', 1), (168, 59, '826', '006', 'yNYH6YE6/uFgMGzivhGTJtYNlifHkNLd', '030631725', 1442859817, '', 1), (169, 59, '840', '005', '8u5H+NT+GfXlPvA1yaFqNL4oseYfS1eY', '030631725', 1442859817, '', 1), (170, 59, '978', '004', 't20diR41YCrlPi/jgXGFOEzr9E+B/NlQ', '030631725', 1442859817, '', 1), (171, 60, '978', '004', 'sq7HjrUOBfKmC576ILgskD5srU870gJ7', '030631725', 1445527076, '', 1), (180, 61, '978', '32', 'FawqyU7Lu1vEQ7XCWS2qQW7C3slDKYck', '33473539', 1413892409, '', 0), (181, 61, '978', '33', 'FawqyU7Lu1vEQ7XCWS2qQW7C3slDKYck', '33473539', 1458042447, '', 0), (182, 61, '840', '33', 'FawqyU7Lu1vEQ7XCWS2qQW7C3slDKYck', '33473539', 1458042447, '', 0), (183, 37, '840', '', '571f9fcb75e162.97352436', '160324919', 1458249977, '', 1), (185, 53, '840', '00000003', 'FCBL33YT', '081476814', 1429198438, '0000554026,2', 1), (186, 53, '826', '00000003', 'FCBL33YT', '081476814', 1429198438, '0000554026,2', 1), (187, 63, '978', '001', 'vbbAJa+SVGbm354EbcsyVkhz/tbk8SGS', '163046568', 1466431591, '', 1), (188, 63, '840', '001', 'vbbAJa+SVGbm354EbcsyVkhz/tbk8SGS', '163047095', 1467643696, '', 1), (189, 64, '840', '1', 'F8Y6SAZ2RCRHWBWC5VS3XH8S8FHWWMDCTCGKMFKCTBVPNR2RMSTHAZ9GERCB', 'D298462', 1468525771, '', 1), (190, 64, '978', '1', 'F8Y6SAZ2RCRHWBWC5VS3XH8S8FHWWMDCTCGKMFKCTBVPNR2RMSTHAZ9GERCB', 'D298462', 1468525771, '', 1), (191, 64, '826', '1', 'F8Y6SAZ2RCRHWBWC5VS3XH8S8FHWWMDCTCGKMFKCTBVPNR2RMSTHAZ9GERCB', 'D298462', 1468525771, '', 1), (192, 64, '124', '1', 'F8Y6SAZ2RCRHWBWC5VS3XH8S8FHWWMDCTCGKMFKCTBVPNR2RMSTHAZ9GERCB', 'D298462', 1468525771, '', 1), (193, 67, '978', '001', 'OmUOhPy4cngFuspL7RZxHaCO/yIQsurl', '055551063', 1479223984, '', 1), (194, 68, '978', '00000003', 'KUK6O964', '081556003', 1479503854, '0000554026,2', 1), (195, 68, '840', '00000003', 'KUK6O964', '081556003', 1479503854, '0000554026,2', 1), (196, 68, '826', '00000003', 'KUK6O964', '081556003', 1479503854, '0000554026,2', 1), (202, 71, '978', '5214', 'gBfrwkXvPNCpFS79H3KY', 'vmnk12pt', 1490626845, '5NLrDTcGpf8sdV1XHKkQgqSJMP0Rzjwx', 1), (203, 72, '978', '5214', 'gBfrwkXvPNCpFS79H3KY', 'vmnk12pt', 1490626845, '5NLrDTcGpf8sdV1XHKkQgqSJMP0Rzjwx', 1), (204, 131, '978', '001', '05hqAAHV3gNavFu6/KsghlypD/VPimBs', '306024431', 1490789253, '', 1), (205, 71, '840', '5362', 'TV8yKLpY1XvBkqMs9wCt', 'vmnk12pt', 1491925990, 'JWbTCht7BYncZNKx5X32D6Gzy0QVSkRg', 1), (206, 71, '124', '5361', 'S0gh8sHrdQxmCJP1zT6k', 'vmnk12pt', 1491925990, 'TpmxbtrKV2Y5c84QNqwMRSG9fL7WHsDJ', 1), (207, 71, '826', '5358', 'bnSTGRqPh1j0zJcZ3MQ7', 'vmnk12pt', 1491925990, 'wfM4nbJGLZWjDTSpF2HYvg39stRKcPz5', 1), (208, 72, '840', '5362', 'TV8yKLpY1XvBkqMs9wCt', 'vmnk12pt', 1491925990, 'JWbTCht7BYncZNKx5X32D6Gzy0QVSkRg', 1), (209, 72, '124', '5361', 'S0gh8sHrdQxmCJP1zT6k', 'vmnk12pt', 1491925990, 'TpmxbtrKV2Y5c84QNqwMRSG9fL7WHsDJ', 1), (210, 72, '826', '5358', 'bnSTGRqPh1j0zJcZ3MQ7', 'vmnk12pt', 1491925990, 'wfM4nbJGLZWjDTSpF2HYvg39stRKcPz5', 1), (211, 12, '840', '00000003', 'T21RAFBM', '054252135', 1493056820, '0000554026,2', 1), (212, 12, '826', '00000003', 'T21RAFBM', '054252135', 1493131344, '0000554026,2', 1), (215, 68, '124', '00000003', 'KUK6O964', '081556003', 1493915263, '0000554026,2', 1), (216, 63, '124', '001', 'vbbAJa+SVGbm354EbcsyVvnadatCJjfn', '163051204', 1493922498, '', 1), (217, 63, '826', '001', 'vbbAJa+SVGbm354EbcsyVvnadatCJjfn', '163051212', 1493922498, '', 1), (222, 76, '978', '1', '59a92da86787b6.42361573', '081588022', 1506514847, '', 1), (223, 132, '840', '00000003', '59aeb10a68a019.61698156', '030672877', 1506599393, '', 0), (226, 76, '840', '2040', '5a684a575cf6c3.21236223', '081621922', 1506599393, '', 1), (229, 77, '978', '00000005', '59dd312f978820.57534509', '126791813', 1507726151, '', 1), (230, 77, '840', '00000006', '59dd312f978820.57534509', '126791813', 1507726151, '', 1), (237, 79, '840', '1', 'F8Y6SAZ2RCRHWBWC5VS3XH8S8FHWWMDCTCGKMFKCTBVPNR2RMSTHAZ9GERCB', 'D298462', 1468525771, '', 1), (238, 79, '978', '1', 'F8Y6SAZ2RCRHWBWC5VS3XH8S8FHWWMDCTCGKMFKCTBVPNR2RMSTHAZ9GERCB', 'D298462', 1468525771, '', 1), (239, 79, '826', '1', 'F8Y6SAZ2RCRHWBWC5VS3XH8S8FHWWMDCTCGKMFKCTBVPNR2RMSTHAZ9GERCB', 'D298462', 1468525771, '', 1), (240, 79, '124', '1', 'F8Y6SAZ2RCRHWBWC5VS3XH8S8FHWWMDCTCGKMFKCTBVPNR2RMSTHAZ9GERCB', 'D298462', 1468525771, '', 1), (244, 80, '978', '00000003', '18IAS06T', '022551493', 1421245797, '0000554027,2', 1), (245, 80, '840', '00000003', '18IAS06T', '022551493', 1512140553, '0000554027,2', 1), (246, 81, '978', '00000001', '59aeb10a68a019.61698156', '030672877', 1512569923, '', 1), (247, 81, '840', '00000003', '59aeb10a68a019.61698156', '030672877', 1512569923, '', 0), (253, 82, '978', '00000001', '5a8c0d1605f048.77879410', '031800675', 1519147035, '', 1), (254, 82, '840', '00000002', '5a8c1168afd424.36605311', '031800782', 1519146917, '', 1), (255, 83, '978', '00000001', '5a8c0d1605f048.77879410', '031800675', 1519147035, '', 1), (256, 83, '840', '00000002', '5a8c1168afd424.36605311', '031800782', 1519146917, '', 1), (257, 85, '978', '1', 'ao5psiDHTnr6Hb3qZNdT870btgSgWaYz', '992156455', 1522950003, '', 0), (258, 85, '840', '3', 'ao5psiDHTnr6Hb3qZNdT870btgSgWaYz', '992156455', 1522950003, '', 1), (259, 85, '826', '2', 'ao5psiDHTnr6Hb3qZNdT870btgSgWaYz', '992156455', 1522950003, '', 0), (260, 85, '124', '5', 'ao5psiDHTnr6Hb3qZNdT870btgSgWaYz', '992156455', 1522950003, '', 0), (264, 84, '978', '1', 'zRllIBWg14aZqdG53MvZp8bFXwxXrvEP', '992156711', 1522950003, '', 1), (265, 84, '840', '2', 'zRllIBWg14aZqdG53MvZp8bFXwxXrvEP', '992156711', 1522950003, '', 1), (266, 84, '124', '3', 'zRllIBWg14aZqdG53MvZp8bFXwxXrvEP', '992156711', 1522950003, '', 0), (267, 84, '826', '4', 'zRllIBWg14aZqdG53MvZp8bFXwxXrvEP', '992156711', 1522950003, '', 1), (271, 50, '840', '00000003', '18IAS06T', '022551493', 1421245797, '0000554027,2', 1), (273, 86, '978', '001', 'vbbAJa+SVGbm354EbcsyVkhz/tbk8SGS', '163046568', 1466431591, '', 1), (274, 86, '840', '001', 'vbbAJa+SVGbm354EbcsyVkhz/tbk8SGS', '163047095', 1467643696, '', 1), (275, 86, '124', '001', 'vbbAJa+SVGbm354EbcsyVvnadatCJjfn', '163051204', 1493922498, '', 0), (276, 86, '826', '001', 'vbbAJa+SVGbm354EbcsyVvnadatCJjfn', '163051212', 1493922498, '', 0), (280, 87, '978', '1', 'zlNJyMCs5nvY1bN6q4O9MqzOBtqCHQlA', '327604799', 1413892408, '', 1), (281, 87, '949', '15', '2bFKlOoWyvxCVdbNuaGpRE09iwNFI6Dm', '327604799', 1413892408, '', 0), (282, 87, '986', '13', 'Ik7JM6yvifh9n2BIMRarH5Ue1+vWXsAN', '327604799', 1413892408, '', 0), (283, 87, '756', '12', 'NMHVUOYpW6YdLM//UVcCcDRUi0biGFfC', '327604799', 1413892408, '', 0), (284, 87, '604', '11', 'DYDq0SuOsn1u8pLZAvkdbGEsNHdqfPvb', '327604799', 1413892408, '', 0), (285, 87, '484', '10', 'Da/t/yKJjZp3QULsvSDw8ybV/y0rqnI6', '327604799', 1413892408, '', 0), (286, 87, '356', '9', 'oq5mg4I6nf6w/Z1JjfHQBLgLkyeRJ48i', '327604799', 1413892408, '', 0), (287, 87, '170', '8', '1roDRn+QEajo5OLAkeMGcO2xBzErMVUk', '327604799', 1413892408, '', 0), (288, 87, '152', '7', 'DLxkhd5srqeMtcipQESC5u4Ujd4Xm08E', '327604799', 1413892408, '', 0), (289, 87, '124', '6', 'sJDH0WO3xFeXo6rt0IxosUSaMn34qfMm', '327604799', 1413892408, '', 0), (290, 87, '32', '5', 'dMnortTQGNQVBAoYDFAzyAmbenKftHoG', '327604799', 1413892408, '', 0), (291, 87, '392', '4', 'eoU8XmpEp8kEm0tz5/ZRvPqN8B2j6aRg', '327604799', 1413892408, '', 0), (292, 87, '826', '3', 'mJr382vANjQdfNk19GqfqlNH3RtMvQLf', '327604799', 1413892408, '', 0), (293, 87, '840', '2', 'WzA2OOFYH86EB2GREeON8JGHbYa49Twy', '327604799', 1413892408, '', 0), (295, 88, '978', '039', 'E77/S/3quMO5Blq7mAHqbp0xiHY2j5Zh', '285772844', 1452528650, '', 1), (304, 88, '124', '010', 'mUE7GERIq0b+YekXYofAfa88s/ULYPjy', '285772844', 1413892410, '', 1), (307, 88, '826', '007', 'QaBd3mG7djmRmBDbE26mjpntwt8qz0l7', '285772844', 1413892410, '', 1), (308, 88, '840', '006', 'EHDrgaRStyIs+grqo7hiO4O82MxKqsYk', '285772844', 1413892410, '', 1), (309, 89, '978', '4001', '5b0402c0f35da5.17814505', '031801673', 1527598925, '', 1), (310, 90, '978', '4001', '5b0402c0f35da5.17814505', '031801673', 1527598925, '', 1), (311, 91, '978', '005', '61DMaXBOB6f0ISZ0wfXXPxZz1+CYHZki', '003277589', 1531755163, '', 1), (312, 91, '840', '020', 'ERGJrAUvn41sNHwKGpxTZkQn2F53mYkq', '160324919', 1542642036, '', 1), (313, 92, '978', '7', 'H6ygu/O+99wl9Mxex9NQE5NJGbSHfhBn', '982E5D8656C42361F16BEE9C7C4C5842', 1535477357, '', 1), (314, 93, '840', '001', 'whSwbj2+ufz4zFiubFyEQRi9XGNYaJTY', '159200724', 1536938640, '', 1), (315, 94, '978', '7', 'H6ygu/O+99wl9Mxex9NQE5NJGbSHfhBn', '982E5D8656C42361F16BEE9C7C4C5842', 1535477357, '', 1), (316, 92, '840', '7', 'WcutRVwjOC8NftgUD855BI3dGixY2Hbf', '84FF40238D11CBC67AB212DAF52B1A26', 1535477357, '', 0), (319, 95, '978', '001', 'sq7HjrUOBfKmC576ILgskD5srU870gJ7', '031200173', 1537283644, '', 1), (320, 97, '978', '1', 'aJRSGST8oMKxvfPEiJAC0XNGHwLjpQky', '058099193', 1539374297, '', 1), (324, 98, '978', '00000003', 'KUK6O964', '081556003', 1539377692, '0000554026,2', 0), (325, 98, '840', '00000003', 'KUK6O964', '081556003', 1539377692, '0000554026,2', 1), (326, 98, '826', '00000003', 'KUK6O964', '081556003', 1539377692, '0000554026,2', 0), (329, 98, '124', '00000003', 'KUK6O964', '081556003', 1539377692, '0000554026,2', 0), (331, 99, '978', '001', 'OmUOhPy4cngFuspL7RZxHaCO/yIQsurl', '055551063', 1539377692, '', 1), (338, 100, '978', '004', 'daZfkK3D5hY82T2bnZhfJAVVDzJoW8B0', '285772844', 1539377692, '', 1), (339, 101, '978', '7', 'P6hGHyKWwuL03Rpw8BudtYErs8Dbp2UZ', '022551493', 1539377692, '', 1), (340, 102, '978', '001', '05hqAAHV3gOKLFSaqH/mOnu+WvaJ/lql', '126260074', 1542312750, '', 0), (341, 102, '826', '003', 'BiheC+O+s/WKzo0CPFYqrGPhNTS3La9t', '126260074', 1542312750, '', 0), (342, 102, '840', '002', 'WY2iBP215dBzLQDXlZ1bO9JhyQCu/oJu', '126260074', 1542312750, '', 1), (345, 102, '124', '006', 'VbGGCjvkaifkaCNtYFF9VQI78tqJCw3U', '126260074', 1542312750, '', 0), (355, 103, '978', '00000005', '59dd312f978820.57534509', '126791813', 1542826788, '', 1), (356, 103, '840', '00000006', '59dd312f978820.57534509', '126791813', 1542826788, '', 1), (362, 104, '978', '00000001', '59aeb10a68a019.61698156', '030672877', 1542826891, '', 1), (363, 104, '840', '00000003', '59aeb10a68a019.61698156', '030672877', 1542826891, '', 0), (364, 104, '124', '00000007', '59aeb10a68a019.61698156', '030672877', 1542826891, '', 0), (365, 104, '826', '00000005', '59aeb10a68a019.61698156', '030672877', 1542826891, '', 0), (369, 105, '978', '7', 'H6ygu/O+99wl9Mxex9NQE5NJGbSHfhBn', '982E5D8656C42361F16BEE9C7C4C5842', 1542826891, '', 1), (372, 106, '978', '001', '05hqAAHV3gNavFu6/KsghlypD/VPimBs', '306024431', 1543414228, '', 1), (373, 106, '840', '001', '05hqAAHV3gNavFu6/KsghlypD/VPimBs', '306024431', 1543414228, '', 0), (376, 108, '978', '9', 'AXW1FmHI+1z6ZuN6jTKb+wkjusCu4i+Z', '022551493', 1543414228, '', 1), (377, 108, '840', '10', '6c3TPeqtxBqvvD7oo+10HAVxYKfhhxb3', '022551493', 1543414228, '', 0), (378, 108, '826', '12', '9j+MDx47wnC5ETmB0Jo5uxZol9b++dSD', '022551493', 1543414228, '', 1), (379, 108, '124', '11', 'V/9sRywASi2PhXg7JtaYX6oiLZQOcfHk', '022551493', 1543414228, '', 1), (383, 110, '978', '001', 'ALwu1C0Pd6GFl6Qr1UVEotvpg8fkVNgd', '159204098', 1545161291, '', 1), (384, 110, '840', '002', 'yaoSNDWpLMPXT9ZHhUTrUh91MJkbZuYP', '159204098', 1545161291, '', 1), (385, 111, '978', '00000003', 'ZM7ER5MD', '081680522', 1548250884, '0000554026,2', 1), (386, 111, '840', '00000003', 'ZM7ER5MD', '081680522', 1548250884, '0000554026,2', 0), (388, 112, '978', '00000003', '18IAS06T', '022551493', 1413892410, '0000554027,2', 1), (389, 112, '840', '00000003', '18IAS06T', '022551493', 1413892410, '0000554027,2', 1), (392, 113, '840', '002', 'yaoSNDWpLMPXT9ZHhUTrUh91MJkbZuYP', '159204098', 1545161291, '', 1), (393, 12, '124', '00000003', 'T21RAFBM', '054252135', 1493131344, '0000554026,2', 1), (394, 50, '826', '00000003', '18IAS06T', '022551493', 1421245797, '0000554027,2', 1), (395, 50, '124', '00000003', '18IAS06T', '022551493', 1421245797, '0000554027,2', 1), (397, 115, '978', '', 'hT3Wg8Slp04Y1KmCO4wk', 'VAD-565-709', 1564577080, '', 1), (398, 116, '978', '001', 'pingxRgfBYiXm2efEdcVuuAmZ2z/KInc', '185012515', 1569590406, '', 1), (399, 116, '840', '002', 'L0DPnpanlcSOkdQxqcbzj8d8LW1dzt/w', '185012515', 1569590715, '', 1), (400, 117, '978', '', 'hT3Wg8Slp04Y1KmCO4wk', 'VAD-565-709', 1571230742, '', 0), (401, 118, '978', '001', 'pingxRgfBYiXm2efEdcVuuAmZ2z/KInc', '185012515', 1571230742, '', 1), (402, 118, '840', '002', 'L0DPnpanlcSOkdQxqcbzj8d8LW1dzt/w', '185012515', 1571230742, '', 1), (403, 119, '978', '001', '05hqAAHV3gNavFu6/KsghlypD/VPimBs', '306037094', 1572959349, '', 1), (404, 120, '978', '001', 'yCxER2xBj0Hk0RMDI/WjG6Bd9Yk3KNxZ', '185012911', 1573661838, '', 1), (405, 120, '840', '002', 'c+m/XgKQuCA42YJVcry93JeGwWDStWNl', '185012911', 1573661838, '', 1), (406, 123, '978', '004', 'daZfkK3D5hY82T2bnZhfJAVVDzJoW8B0', '285772844', 1413892411, '', 1), (408, 124, '840', '10', '6c3TPeqtxBqvvD7oo+10HAVxYKfhhxb3', '022551493', 1417791301, '', 0), (409, 124, '826', '12', '9j+MDx47wnC5ETmB0Jo5uxZol9b++dSD', '022551493', 1417694796, '', 1), (410, 124, '124', '11', 'V/9sRywASi2PhXg7JtaYX6oiLZQOcfHk', '022551493', 1417694796, '', 1), (415, 125, '840', '3', 'ao5psiDHTnr6Hb3qZNdT870btgSgWaYz', '992156455', 1418408310, '', 1), (422, 126, '840', '2', 'zRllIBWg14aZqdG53MvZp8bFXwxXrvEP', '992156711', 0, '', 1), (428, 127, '978', '1', 'aJRSGST8oMKxvfPEiJAC0XNGHwLjpQky', '058099193', 1422548539, '', 1), (429, 128, '978', '013', 'CUmuEqeRbqYTY3S7nt2/ynKs7ysTzOLw', '022551493', 1442859817, '', 1), (431, 129, '840', '00000003', 'KUK6O964', '081556003', 1479503854, '0000554026,2', 1), (432, 129, '826', '00000003', 'KUK6O964', '081556003', 1479503854, '0000554026,2', 1), (433, 129, '124', '00000003', 'KUK6O964', '081556003', 1493915263, '0000554026,2', 1), (438, 130, '840', '5362', 'TV8yKLpY1XvBkqMs9wCt', 'vmnk12pt', 1491925990, 'JWbTCht7BYncZNKx5X32D6Gzy0QVSkRg', 1), (439, 130, '124', '5361', 'S0gh8sHrdQxmCJP1zT6k', 'vmnk12pt', 1491925990, 'TpmxbtrKV2Y5c84QNqwMRSG9fL7WHsDJ', 1), (440, 130, '826', '5358', 'bnSTGRqPh1j0zJcZ3MQ7', 'vmnk12pt', 1491925990, 'wfM4nbJGLZWjDTSpF2HYvg39stRKcPz5', 1), (444, 73, '978', '001', '05hqAAHV3gNavFu6/KsghlypD/VPimBs', '306024431', 1490789253, '', 1), (445, 75, '978', '00000001', '59aeb10a68a019.61698156', '030672877', 1506514847, '', 1), (446, 75, '840', '00000003', '59aeb10a68a019.61698156', '030672877', 1506599393, '', 0), (448, 134, '978', '7', 'H6ygu/O+99wl9Mxex9NQE5NJGbSHfhBn', '982E5D8656C42361F16BEE9C7C4C5842', 1535477357, '', 1), (449, 134, '840', '7', 'WcutRVwjOC8NftgUD855BI3dGixY2Hbf', '84FF40238D11CBC67AB212DAF52B1A26', 1535477357, '', 0), (451, 135, '978', '7', 'H6ygu/O+99wl9Mxex9NQE5NJGbSHfhBn', '982E5D8656C42361F16BEE9C7C4C5842', 1535477357, '', 1), (452, 122, '124', '007', 'JzdnoxZpeTHehTdEtRxxNIwOYMIxbG/o', '030631725', 1442859817, '', 1), (453, 122, '826', '006', 'yNYH6YE6/uFgMGzivhGTJtYNlifHkNLd', '030631725', 1442859817, '', 1), (454, 122, '840', '005', '8u5H+NT+GfXlPvA1yaFqNL4oseYfS1eY', '030631725', 1442859817, '', 1), (455, 122, '978', '004', 't20diR41YCrlPi/jgXGFOEzr9E+B/NlQ', '030631725', 1442859817, '', 1), (459, 121, '978', '1', 'zlNJyMCs5nvY1bN6q4O9MqzOBtqCHQlA', '327604799', 1413892408, '', 1), (460, 121, '949', '15', '2bFKlOoWyvxCVdbNuaGpRE09iwNFI6Dm', '327604799', 1413892408, '', 0), (461, 121, '986', '13', 'Ik7JM6yvifh9n2BIMRarH5Ue1+vWXsAN', '327604799', 1413892408, '', 0), (462, 121, '756', '12', 'NMHVUOYpW6YdLM//UVcCcDRUi0biGFfC', '327604799', 1413892408, '', 0), (463, 121, '604', '11', 'DYDq0SuOsn1u8pLZAvkdbGEsNHdqfPvb', '327604799', 1413892408, '', 0), (464, 121, '484', '10', 'Da/t/yKJjZp3QULsvSDw8ybV/y0rqnI6', '327604799', 1413892408, '', 0), (465, 121, '356', '9', 'oq5mg4I6nf6w/Z1JjfHQBLgLkyeRJ48i', '327604799', 1413892408, '', 0), (466, 121, '170', '8', '1roDRn+QEajo5OLAkeMGcO2xBzErMVUk', '327604799', 1413892408, '', 0), (467, 121, '152', '7', 'DLxkhd5srqeMtcipQESC5u4Ujd4Xm08E', '327604799', 1413892408, '', 0), (468, 121, '124', '6', 'sJDH0WO3xFeXo6rt0IxosUSaMn34qfMm', '327604799', 1413892408, '', 0), (469, 121, '32', '5', 'dMnortTQGNQVBAoYDFAzyAmbenKftHoG', '327604799', 1413892408, '', 0), (470, 121, '392', '4', 'eoU8XmpEp8kEm0tz5/ZRvPqN8B2j6aRg', '327604799', 1413892408, '', 0), (471, 121, '826', '3', 'mJr382vANjQdfNk19GqfqlNH3RtMvQLf', '327604799', 1413892408, '', 0), (472, 121, '840', '2', 'WzA2OOFYH86EB2GREeON8JGHbYa49Twy', '327604799', 1413892408, '', 0), (475, 133, '840', '00000006', '59dd312f978820.57534509', '126791813', 1507726151, '', 1), (477, 136, '978', '1', 'T6/Ojx8PFtzJTk4C16PQdsLJneNqbCBG', '337589097', 1580395729, '', 1), (478, 136, '840', '3', 'wIjcwg6HnRhrOMDNbxSUzHeFrliHrFBF', '337589097', 1580395729, '', 0), (479, 136, '826', '2', 'HutM2YwqZfscfsGnU2bqUVhL4B53bhxq', '337589097', 1580395729, '', 1), (480, 137, '978', '00000003', 'P6ZEOHC0', '086502606', 1582116404, '0000554027,2', 1), (481, 136, '124', '4', 'IcRfla+cLKKFLGzhwCM7RrOJVKNYr7kw', '337589097', 1582228261, '', 1), (482, 138, '978', '00000003', 'T21RAFBM', '054252135', 1414068825, '0000554026,2', 1), (483, 138, '840', '00000003', 'T21RAFBM', '054252135', 1493056820, '0000554026,2', 1), (484, 138, '826', '00000003', 'T21RAFBM', '054252135', 1493131344, '0000554026,2', 1), (485, 138, '124', '00000003', 'T21RAFBM', '054252135', 1493131344, '0000554026,2', 1), (486, 139, '978', '00000003', '18IAS06T', '022551493', 1421245797, '0000554027,2', 1), (487, 139, '840', '00000003', '18IAS06T', '022551493', 1421245797, '0000554027,2', 1), (488, 139, '826', '00000003', '18IAS06T', '022551493', 1421245797, '0000554027,2', 1), (489, 139, '124', '00000003', '18IAS06T', '022551493', 1421245797, '0000554027,2', 1), (490, 140, '124', '007', 'JzdnoxZpeTHehTdEtRxxNIwOYMIxbG/o', '030631725', 1442859817, '', 1), (491, 140, '826', '006', 'yNYH6YE6/uFgMGzivhGTJtYNlifHkNLd', '030631725', 1442859817, '', 1), (492, 140, '840', '005', '8u5H+NT+GfXlPvA1yaFqNL4oseYfS1eY', '030631725', 1442859817, '', 1), (493, 140, '978', '004', 't20diR41YCrlPi/jgXGFOEzr9E+B/NlQ', '030631725', 1442859817, '', 1), (494, 141, '978', '5214', 'gBfrwkXvPNCpFS79H3KY', 'vmnk12pt', 1490626845, '5NLrDTcGpf8sdV1XHKkQgqSJMP0Rzjwx', 1), (495, 141, '840', '5362', 'TV8yKLpY1XvBkqMs9wCt', 'vmnk12pt', 1491925990, 'JWbTCht7BYncZNKx5X32D6Gzy0QVSkRg', 1), (496, 141, '124', '5361', 'S0gh8sHrdQxmCJP1zT6k', 'vmnk12pt', 1491925990, 'TpmxbtrKV2Y5c84QNqwMRSG9fL7WHsDJ', 1), (497, 141, '826', '5358', 'bnSTGRqPh1j0zJcZ3MQ7', 'vmnk12pt', 1491925990, 'wfM4nbJGLZWjDTSpF2HYvg39stRKcPz5', 1), (498, 142, '978', '1', 'zlNJyMCs5nvY1bN6q4O9MqzOBtqCHQlA', '327604799', 1413892408, '', 1), (499, 142, '949', '15', '2bFKlOoWyvxCVdbNuaGpRE09iwNFI6Dm', '327604799', 1413892408, '', 0), (500, 142, '986', '13', 'Ik7JM6yvifh9n2BIMRarH5Ue1+vWXsAN', '327604799', 1413892408, '', 0), (501, 142, '756', '12', 'NMHVUOYpW6YdLM//UVcCcDRUi0biGFfC', '327604799', 1413892408, '', 0), (502, 142, '604', '11', 'DYDq0SuOsn1u8pLZAvkdbGEsNHdqfPvb', '327604799', 1413892408, '', 0), (503, 142, '484', '10', 'Da/t/yKJjZp3QULsvSDw8ybV/y0rqnI6', '327604799', 1413892408, '', 0), (504, 142, '356', '9', 'oq5mg4I6nf6w/Z1JjfHQBLgLkyeRJ48i', '327604799', 1413892408, '', 0), (505, 142, '170', '8', '1roDRn+QEajo5OLAkeMGcO2xBzErMVUk', '327604799', 1413892408, '', 0), (506, 142, '152', '7', 'DLxkhd5srqeMtcipQESC5u4Ujd4Xm08E', '327604799', 1413892408, '', 0), (507, 142, '124', '6', 'sJDH0WO3xFeXo6rt0IxosUSaMn34qfMm', '327604799', 1413892408, '', 1), (508, 142, '32', '5', 'dMnortTQGNQVBAoYDFAzyAmbenKftHoG', '327604799', 1413892408, '', 0), (509, 142, '392', '4', 'eoU8XmpEp8kEm0tz5/ZRvPqN8B2j6aRg', '327604799', 1413892408, '', 0), (510, 142, '826', '3', 'mJr382vANjQdfNk19GqfqlNH3RtMvQLf', '327604799', 1413892408, '', 1), (511, 142, '840', '2', 'WzA2OOFYH86EB2GREeON8JGHbYa49Twy', '327604799', 1413892408, '', 0), (512, 143, '978', '00000001', '59aeb10a68a019.61698156', '030672877', 1512569923, '', 1), (513, 143, '840', '00000003', '59aeb10a68a019.61698156', '030672877', 1512569923, '', 0), (514, 144, '124', '00000003', '40X0AOZ7', '081751497', 1584620146, '0000554026,2', 1), (515, 144, '840', '00000003', '40X0AOZ7', '081751497', 1584620146, '0000554026,2', 1), (516, 144, '978', '00000003', '40X0AOZ7', '081751497', 1584620146, '0000554026,2', 1), (517, 144, '826', '00000003', '40X0AOZ7', '081751497', 1584620146, '0000554026,2', 1), (518, 113, '978', '001', 'ALwu1C0Pd6GFl6Qr1UVEotvpg8fkVNgd', '159204098', 1545161291, '', 1), (519, 145, '124', '00000003', 'GTD8JVM2', '081761439', 1589978358, '0000554026,2', 1), (520, 145, '840', '00000003', 'GTD8JVM2', '081761439', 1589978358, '0000554026,2', 1), (521, 145, '978', '00000003', 'GTD8JVM2', '081761439', 1589978358, '0000554026,2', 1), (522, 145, '826', '00000003', 'GTD8JVM2', '081761439', 1589978358, '0000554026,2', 1), (526, 146, '124', '00000003', 'GTD8JVM2', '081761439', 1589978358, '0000554026,2', 1), (527, 146, '840', '00000003', 'GTD8JVM2', '081761439', 1589978358, '0000554026,2', 1), (528, 146, '978', '00000003', 'GTD8JVM2', '081761439', 1589978358, '0000554026,2', 1), (529, 146, '826', '00000003', 'GTD8JVM2', '081761439', 1589978358, '0000554026,2', 1), (530, 147, '978', '00000005', '59dd312f978820.57534509', '126791813', 1595349789, '', 1), (531, 147, '840', '00000006', '59dd312f978820.57534509', '126791813', 1595349789, '', 1), (532, 137, '840', '00000003', 'P6ZEOHC0', '086502606', 1582116404, '0000554027,2', 1), (533, 137, '826', '00000003', 'P6ZEOHC0', '086502606', 1582116404, '0000554027,2', 1), (534, 137, '124', '00000003', 'P6ZEOHC0', '086502606', 1582116404, '0000554027,2', 1), (535, 148, '978', '1', 'sq7HjrUOBfKmC576ILgskD5srU870gJ7', '337816052', 1602258478, '', 1), (536, 148, '840', '10', '6c3TPeqtxBqvvD7oo+10HAVxYKfhhxb3', '337816052', 1602258478, '', 0), (537, 149, '840', '7', 'WcutRVwjOC8NftgUD855BI3dGixY2Hbf', '84FF40238D11CBC67AB212DAF52B1A26', 1535477357, '', 0), (538, 149, '978', '7', 'WcutRVwjOC8NftgUD855BI3dGixY2Hbf', '84FF40238D11CBC67AB212DAF52B1A26', 1535477357, '', 1), (539, 150, '978', '00000001', '59aeb10a68a019.61698156', '030672877', 1604513958, '', 1), (540, 150, '840', '00000003', '59aeb10a68a019.61698156', '030672877', 1604513958, '', 0), (541, 151, '978', '001', 'uWSfm5jr1DjD/20bq9iTjY998CecFbq2', '014389340', 1605111432, '', 1), (542, 151, '124', '002', 'RrjFsW/7j4Ai3EzaL+8l79z/gaT0fiGf', '014389340', 1608325400, '', 1), (543, 151, '840', '003', 'ie+Eo/kgyCq/aZHd8qR92+C+xnq4BdR0', '014389340', 1605111432, '', 1), (544, 151, '826', '004', 'o6R7cgwog3ITq/4jIEv7DchmxV4fHctY', '014389340', 1608325426, '', 1), (545, 153, '978', '00000003', 'KUK6O964', '081556003', 1479503854, '0000554026,2', 1), (546, 153, '840', '00000003', 'KUK6O964', '081556003', 1479503854, '0000554026,2', 1), (547, 153, '826', '00000003', 'KUK6O964', '081556003', 1479503854, '0000554026,2', 1), (548, 153, '124', '00000003', 'KUK6O964', '081556003', 1493915263, '0000554026,2', 1), (549, 154, '978', '001', '05hqAAHV3gOKLFSaqH/mOnu+WvaJ/lql', '126350073', 1422968588, '', 1), (550, 154, '840', '002', 'o+3Ek2z0D/V0GrokddxyKAYr3zag9RcJ', '126350073', 1422968588, '', 1), (551, 154, '826', '003', '7pW0awNKb3hAKirtqJkuIfcyhvS+ben0', '126350073', 1422968588, '', 1), (552, 154, '124', '004', 'Y6uCI9ZPKFUk9nk+zsTMDWO17dFSr2Nl', '126350073', 1422968588, '', 1), (553, 155, '978', '00000005', '59dd312f978820.57534509', '126791813', 1507726151, '', 1), (554, 155, '840', '00000006', '59dd312f978820.57534509', '126791813', 1507726151, '', 1), (555, 156, '978', '5214', 'gBfrwkXvPNCpFS79H3KY', 'vmnk12pt', 1490626845, '5NLrDTcGpf8sdV1XHKkQgqSJMP0Rzjwx', 1), (556, 156, '840', '5362', 'TV8yKLpY1XvBkqMs9wCt', 'vmnk12pt', 1491925990, 'JWbTCht7BYncZNKx5X32D6Gzy0QVSkRg', 1), (557, 156, '124', '5361', 'S0gh8sHrdQxmCJP1zT6k', 'vmnk12pt', 1491925990, 'TpmxbtrKV2Y5c84QNqwMRSG9fL7WHsDJ', 1), (558, 156, '826', '5358', 'bnSTGRqPh1j0zJcZ3MQ7', 'vmnk12pt', 1491925990, 'wfM4nbJGLZWjDTSpF2HYvg39stRKcPz5', 1), (559, 157, '978', '9', 'AXW1FmHI+1z6ZuN6jTKb+wkjusCu4i+Z', '022551493', 1417694796, '', 1), (560, 157, '840', '10', '6c3TPeqtxBqvvD7oo+10HAVxYKfhhxb3', '022551493', 1417791301, '', 0), (561, 157, '826', '12', '9j+MDx47wnC5ETmB0Jo5uxZol9b++dSD', '022551493', 1417694796, '', 1), (562, 157, '124', '11', 'V/9sRywASi2PhXg7JtaYX6oiLZQOcfHk', '022551493', 1417694796, '', 1), (563, 158, '978', '00000001', '59aeb10a68a019.61698156', '030672877', 1506514847, '', 1), (564, 158, '840', '00000003', '59aeb10a68a019.61698156', '030672877', 1506599393, '', 0), (565, 159, '978', '7', 'H6ygu/O+99wl9Mxex9NQE5NJGbSHfhBn', '982E5D8656C42361F16BEE9C7C4C5842', 1535477357, '', 1), (566, 160, '840', '002', 'yaoSNDWpLMPXT9ZHhUTrUh91MJkbZuYP', '159204098', 1545161291, '', 1), (567, 160, '978', '001', 'ALwu1C0Pd6GFl6Qr1UVEotvpg8fkVNgd', '159204098', 1545161291, '', 1), (568, 159, '840', '7', 'WcutRVwjOC8NftgUD855BI3dGixY2Hbf', '84FF40238D11CBC67AB212DAF52B1A26', 1535477357, '', 0), (569, 161, '978', '4001', '5b0402c0f35da5.17814505', '031801673', 1527598925, '', 1), (570, 162, '978', '4001', '5b0402c0f35da5.17814505', '031801673', 1527598925, '', 1), (571, 163, '978', '001', 'IwluEwX9xKDo8srHuHYQPDNbiDkzHGwp', '159238617', 1611326999, '', 1), (572, 163, '840', '002', 'h79VjaBYnscbbZ60qms6eT2eAjwbMIhZ', '159238617', 1611326999, '', 1), (573, 163, '124', '004', 'k2OJ726aj+0NYGIcjWdgY8r1YpH3uYY/', '159238617', 1611326999, '', 1), (574, 163, '826', '003', 'MDavpGkdhORUGnaaX7YZfKiW+BYtTWHh', '159238617', 1611326999, '', 1), (575, 164, '978', '00000003', '0CD4QDZL', '086932845', 1613598664, '0000554026,2', 1), (576, 164, '840', '00000003', '0CD4QDZL', '086932845', 1613598664, '0000554026,2', 1), (577, 164, '124', '00000003', '0CD4QDZL', '086932845', 1613598664, '0000554026,2', 1), (578, 164, '826', '00000003', '0CD4QDZL', '086932845', 1613598664, '0000554026,2', 1), (579, 165, '978', '1', '2F413F4428472B4B6250645367566B59', '5324536', 1615476331, '', 1), (580, 166, '978', '1', '2F413F4428472B4B6250645367566B59', '5324536', 1615476331, '', 1), (581, 167, '840', '002', 'yaoSNDWpLMPXT9ZHhUTrUh91MJkbZuYP', '159204098', 1545161291, '', 1), (582, 167, '978', '001', 'ALwu1C0Pd6GFl6Qr1UVEotvpg8fkVNgd', '159204098', 1545161291, '', 1), (583, 168, '978', '002', 'Af+/Y24lvvcHeR+xCfa0I5Ub0OOacXbs', '992193136', 1616769956, '', 1), (584, 67, '840', '001', 'oKsysmm64e2G6bGg7hjgyWDPb9eqFWiU', '055563068', 1617633357, '', 1), (585, 67, '124', '001', 'HlwmN8LMF41TYnrg61StwCdvx2xSE6eC', '055563076', 1617633357, '', 1), (586, 67, '826', '001', 'Y7Lq626EW2TzYMWfLTVFkWiaK+f63GZF', '055563084', 1617633357, '', 1), (587, 168, '124', '005', 'BxELwveE6Ty7fm7KceDobYJ7i/oVtFzO', '992193136', 1618252536, '', 0), (588, 168, '826', '004', '5dTg0eT7J9m846kg8TEa9FJmMmp+aqu9', '992193136', 1618252580, '', 1), (589, 168, '840', '003', 'pytSjLXBmDKYq+m7bAB0hM6lkUimHnuI', '992193136', 1618252637, '', 1), (590, 169, '978', '4001', '5b0402c0f35da5.17814505', '031801673', 1527598925, '', 1), (591, 170, '978', '4001', '5b0402c0f35da5.17814505', '031801673', 1527598925, '', 1), (592, 171, '978', '00000001', '59aeb10a68a019.61698156', '030672877', 1512569923, '', 0), (593, 171, '840', '00000003', '59aeb10a68a019.61698156', '030672877', 1512569923, '', 0), (594, 172, '978', '22555', 'nfsvt97pfrjx8ya4cmvq', 'hrw5826t', 1619525768, '', 1), (595, 172, '840', '22555', 'nfsvt97pfrjx8ya4cmvq', 'hrw5826t', 1619525768, '', 0), (596, 124, '978', '9', 'AXW1FmHI+1z6ZuN6jTKb+wkjusCu4i+Z', '022551493', 1417694796, '', 1), (597, 132, '978', '00000001', '59aeb10a68a019.61698156', '030672877', 1506514847, '', 1), (603, 175, '978', '001', 'rHTDdldsBn7SUkG571/ocZFut6xJfNA2', '059373522', 1622138963, '', 1), (604, 175, '840', '002', 'JotLBO8u+ggEMKtkvM2JKw7m41Zm3WM5', '059373522', 1622138963, '', 1), (605, 175, '826', '003', '9A4yAZjnkud83ARknjBISad5LNM5CHRf', '059373522', 1622138963, '', 1), (606, 175, '124', '004', 'PKn+BhkwN/n0z81tOW/Ld5/q/US+Hp2S', '059373522', 1622138963, '', 1), (607, 176, '978', '00000100', 'ANq7xXZR2wVYvRN8GFB1NEC', '159244326', 1622653763, '', 1), (608, 176, '840', '00000101', 'ANq7xXZR2wVYvRN8GFB1NEC', '159244326', 1622653763, '', 1), (609, 176, '826', '00000103', 'ANq7xXZR2wVYvRN8GFB1NEC', '159244326', 1622653763, '', 1), (610, 176, '124', '00000102', 'ANq7xXZR2wVYvRN8GFB1NEC', '159244326', 1622653763, '', 1), (611, 179, '978', '00000100', 'ANq7xXZR2wVYvRN8GFB1NEC', '159244326', 1624300740, '', 1), (612, 179, '840', '00000101', 'ANq7xXZR2wVYvRN8GFB1NEC', '159244326', 1624300740, '', 1), (613, 179, '826', '00000103', 'ANq7xXZR2wVYvRN8GFB1NEC', '159244326', 1624300740, '', 1), (614, 179, '124', '00000102', 'ANq7xXZR2wVYvRN8GFB1NEC', '159244326', 1624300740, '', 1), (618, 180, '978', '00000100', 'ANq7xXZR2wVYvRN8GFB1NEC', '159244326', 1624300740, '', 1), (619, 180, '840', '00000101', 'ANq7xXZR2wVYvRN8GFB1NEC', '159244326', 1624300740, '', 1), (620, 180, '826', '00000103', 'ANq7xXZR2wVYvRN8GFB1NEC', '159244326', 1624300740, '', 1), (621, 180, '124', '00000102', 'ANq7xXZR2wVYvRN8GFB1NEC', '159244326', 1624300740, '', 1), (622, 181, '978', '1', 'ao5psiDHTnr6Hb3qZNdT870btgSgWaYz', '992156455', 1418408310, '', 1), (623, 181, '840', '3', 'ao5psiDHTnr6Hb3qZNdT870btgSgWaYz', '992156455', 1418408310, '', 1), (624, 181, '826', '2', 'ao5psiDHTnr6Hb3qZNdT870btgSgWaYz', '992156455', 1418408310, '', 1), (625, 181, '124', '5', 'ao5psiDHTnr6Hb3qZNdT870btgSgWaYz', '992156455', 1418408310, '', 1), (626, 182, '978', '001', 'jINoFQzLrx0sbbHCCxIjrH5kKbT1oAjQ', '175534056', 1625777040, '', 1), (627, 182, '840', '002', 'L9yJTNGayQLyQbZGSkUESnoaBzgLN+17', '175534056', 1625777040, '', 1), (629, 182, '826', '004', 'or3nKY4nXIhzfWdxaqIEX3rjfIllLc+S', '175534056', 1625777040, '', 1), (630, 182, '124', '003', 'F16V2dWCtinw1vHAhihQzWsyJG41OBjt', '175534056', 1625777040, '', 1), (633, 183, '978', '0', 'ao5psiDHTnr6Hb3qZNdT870btgSgWaYz', '0', 1630513799, '', 1), (634, 183, '840', '0', 'ao5psiDHTnr6Hb3qZNdT870btgSgWaYz', '0', 1630513799, '', 1), (635, 183, '826', '0', 'ao5psiDHTnr6Hb3qZNdT870btgSgWaYz', '0', 1630513799, '', 1), (636, 183, '124', '0', 'ao5psiDHTnr6Hb3qZNdT870btgSgWaYz', '0', 1630513799, '', 1), (640, 184, '978', '1', 'ABxAFfGFMd/e2f83Mn/fydjLk0LXSHVl', '355028671', 1631714518, '', 1), (641, 185, '840', '7', 'WcutRVwjOC8NftgUD855BI3dGixY2Hbf', '84FF40238D11CBC67AB212DAF52B1A26', 1632146862, '', 1), (642, 186, '978', '001', 'amCcrwVg75ZCuJa8pCaiMoKuaxlvopM5', '059380949', 1632756812, '', 1), (643, 187, '978', '0', 'ao5psiDHTnr6Hb3qZNdT870btgSgWaYz', '0', 1630513799, '', 1), (644, 187, '840', '0', 'ao5psiDHTnr6Hb3qZNdT870btgSgWaYz', '0', 1630513799, '', 1), (645, 187, '826', '0', 'ao5psiDHTnr6Hb3qZNdT870btgSgWaYz', '0', 1630513799, '', 1), (646, 187, '124', '0', 'ao5psiDHTnr6Hb3qZNdT870btgSgWaYz', '0', 1630513799, '', 1), (647, 188, '978', '001', 'IBTlD2PpKTjtj9PFAQsEzNcin50xcWak', '094059391', 1633523448, NULL, 1), (649, 189, '978', '00000003', 'IJXEDDSA', '086974565', 1635282628, '0000554026,2', 1), (650, 189, '840', '00000003', 'IJXEDDSA', '086974565', 1635282628, '0000554026,2', 1), (653, 185, '978', '7', 'H6ygu/O+99wl9Mxex9NQE5NJGbSHfhBn', '982E5D8656C42361F16BEE9C7C4C5842', 1632146862, '', 1), (654, 191, '978', '001', 'h9SVnkIzN+uWZT1Xde/w+PCmAOh96TJC', '059380782', 1636649845, '', 1), (655, 191, '840', '002', 'BzZANs+TdpF9itKOfGCpRyMohilRthEK', '059380782', 1636649845, '', 1), (657, 192, '978', '001', 'IBTlD2PpKTjtj9PFAQsEzNcin50xcWak', '094059391', 1633523448, '', 1), (658, 192, '840', '001', 'BWtLAlRLrZLKIpsDOjP/ow9FoJYCFNTc', '094059409', 1633523448, '', 1), (659, 188, '840', '001', 'BWtLAlRLrZLKIpsDOjP/ow9FoJYCFNTc', '094059409', 1633523448, '', 1), (660, 194, '978', '00000001', '59a92da86787b6.42361573', '081588022', 1641829070, '', 1), (661, 186, '840', '002', '+DDOhbf+kNlz+6CTdjLJkPvn9p6jcZPq', '059380949', 1632756812, '', 1), (662, 186, '124', '003', 'MHN9SyrXQY5rtKUeTH4OHWydCpHDZaan', '059380949', 1632756812, '', 1), (663, 186, '826', '004', '3Kxauf1qY7DqJxka91pxnFocSw9bUEMn', '059380949', 1632756812, '', 1), (665, 195, '978', '001', 'rHTDdldsBn7SUkG571/ocZFut6xJfNA2', '059373522', 1622138963, '', 1), (666, 195, '840', '002', 'JotLBO8u+ggEMKtkvM2JKw7m41Zm3WM5', '059373522', 1622138963, '', 1), (667, 195, '826', '003', '9A4yAZjnkud83ARknjBISad5LNM5CHRf', '059373522', 1622138963, '', 1), (668, 195, '124', '004', 'PKn+BhkwN/n0z81tOW/Ld5/q/US+Hp2S', '059373522', 1622138963, '', 1), (669, 196, '978', '00000100', 'ANq7xXZR2wVYvRN8GFB1NEC', '159244326', 1624300740, '', 1), (670, 196, '840', '00000101', 'ANq7xXZR2wVYvRN8GFB1NEC', '159244326', 1624300740, '', 1), (671, 196, '826', '00000103', 'ANq7xXZR2wVYvRN8GFB1NEC', '159244326', 1624300740, '', 1), (672, 196, '124', '00000102', 'ANq7xXZR2wVYvRN8GFB1NEC', '159244326', 1624300740, '', 1), (673, 197, '978', '00000100', 'ANq7xXZR2wVYvRN8GFB1NEC', '159244326', 1624300740, '', 1), (674, 197, '840', '00000101', 'ANq7xXZR2wVYvRN8GFB1NEC', '159244326', 1624300740, '', 1), (675, 197, '826', '00000103', 'ANq7xXZR2wVYvRN8GFB1NEC', '159244326', 1624300740, '', 1), (676, 197, '124', '00000102', 'ANq7xXZR2wVYvRN8GFB1NEC', '159244326', 1624300740, '', 1), (677, 198, '978', '00000100', 'ANq7xXZR2wVYvRN8GFB1NEC', '159244326', 1622653763, '', 1), (678, 198, '840', '00000101', 'ANq7xXZR2wVYvRN8GFB1NEC', '159244326', 1622653763, '', 1), (679, 198, '826', '00000103', 'ANq7xXZR2wVYvRN8GFB1NEC', '159244326', 1622653763, '', 1), (680, 198, '124', '00000102', 'ANq7xXZR2wVYvRN8GFB1NEC', '159244326', 1622653763, '', 1), (681, 199, '978', '001', 'uWSfm5jr1DjD/20bq9iTjY998CecFbq2', '014389340', 1605111432, '', 1), (682, 199, '124', '002', 'RrjFsW/7j4Ai3EzaL+8l79z/gaT0fiGf', '014389340', 1608325400, '', 1), (683, 199, '840', '003', 'ie+Eo/kgyCq/aZHd8qR92+C+xnq4BdR0', '014389340', 1605111432, '', 1), (684, 199, '826', '004', 'o6R7cgwog3ITq/4jIEv7DchmxV4fHctY', '014389340', 1608325426, '', 1), (685, 201, '978', '013', 'CUmuEqeRbqYTY3S7nt2/ynKs7ysTzOLw', '022551493', 1442859817, '', 1), (686, 202, '978', '001', 'OmUOhPy4cngFuspL7RZxHaCO/yIQsurl', '055551063', 1479223984, '', 1), (687, 202, '840', '001', 'oKsysmm64e2G6bGg7hjgyWDPb9eqFWiU', '055563068', 1617633357, '', 0), (688, 202, '124', '001', 'HlwmN8LMF41TYnrg61StwCdvx2xSE6eC', '055563076', 1617633357, '', 0), (689, 202, '826', '001', 'Y7Lq626EW2TzYMWfLTVFkWiaK+f63GZF', '055563084', 1617633357, '', 0), (690, 203, '978', '001', 'h9SVnkIzN+uWZT1Xde/w+PCmAOh96TJC', '059380782', 1636649845, '', 1), (691, 203, '840', '002', 'BzZANs+TdpF9itKOfGCpRyMohilRthEK', '059380782', 1636649845, '', 1), (692, 205, '978', '001', '05hqAAHV3gNavFu6/KsghlypD/VPimBs', '306024431', 1490789253, '', 1), (693, 206, '978', '1', 'aJRSGST8oMKxvfPEiJAC0XNGHwLjpQky', '058099193', 1422548539, '', 1), (694, 207, '978', '1', 'wuDqxKx7NOcF9V2Dc/E+nzO+aU388mep', '356320754', 1646249930, '', 1), (695, 208, '978', '1', 'zRllIBWg14aZqdG53MvZp8bFXwxXrvEP', '992156711', 0, '', 1), (696, 208, '840', '2', 'zRllIBWg14aZqdG53MvZp8bFXwxXrvEP', '992156711', 0, '', 1), (697, 208, '124', '3', 'zRllIBWg14aZqdG53MvZp8bFXwxXrvEP', '992156711', 0, '', 0), (698, 208, '826', '4', 'zRllIBWg14aZqdG53MvZp8bFXwxXrvEP', '992156711', 0, '', 1), (699, 209, '978', '001', '/1mUUSJQdlxXvwK58hKfQbYkvuSPXOP9', '014426233', 1646771035, '', 1), (700, 209, '124', '004', 'AS3JGPCJdocqSFeSR1N6wLPQ7YAgfLsz', '014426233', 1646771035, '', 1), (701, 209, '840', '003', '9Kd3jokg1heaM191YHaL/dYKSBgsLXiu', '014426233', 1646771035, '', 1), (702, 209, '826', '002', 'NIViBhCHmuEguZh+P7PRJnZMDN2hYp/w', '014426233', 1646771035, '', 1), (706, 210, '840', '002', 'yaoSNDWpLMPXT9ZHhUTrUh91MJkbZuYP', '159204098', 1545161291, '', 1), (707, 210, '978', '001', 'ALwu1C0Pd6GFl6Qr1UVEotvpg8fkVNgd', '159204098', 1545161291, '', 1), (708, 184, '840', '1', 'cwZzGnHCogBMGi4d4U20qR99k2Ma66MH', '355603747', 1631714518, '', 1), (709, 214, '978', '001', 'nJNhqr7BbU3yBLKedVNzz9Xr7kihOGyD', '097096952', 1647436074, '', 1), (713, 215, '840', '7', 'WcutRVwjOC8NftgUD855BI3dGixY2Hbf', '84FF40238D11CBC67AB212DAF52B1A26', 1632146862, '', 1), (714, 215, '978', '7', 'H6ygu/O+99wl9Mxex9NQE5NJGbSHfhBn', '982E5D8656C42361F16BEE9C7C4C5842', 1632146862, '', 1), (715, 214, '840', '002', 'yJtRDi09kTE6e8+UcaMawUoE3u914MD9', '097096952', 1648062199, '', 0), (716, 216, '978', '001', 'KagOAAUQtuFmB0zIEE2VaSfCrGWurZJG', '058410549', 1648063638, '', 1), (717, 207, '840', '002', 'rS53j6crbfmY1bMVspc+B9+2e54MpzJ0', '356320754', 1648126372, '', 1), (718, 217, '978', '001', 'hBjR90HFoat7qecU+pRjno0cYHJT5GaG', '094066685', 1648580576, '', 1), (719, 217, '840', '002', '6G7yVViokJ4tyg/MN96QLegkVbxhXGNV', '094066685', 1648580576, '', 1), (723, 218, '978', '7', 'MWM2MDRhNzVmNGVhZTRmM2JmZjVkNmEyNzM0YmM3MjQ=', '6614624dd4ca248f8API624dd4ca248f9', 1632146862, '', 1), (724, 194, '840', '00000001', '59a92da86787b6.42361573', '081588022', 1641829070, '', 1), (725, 219, '978', '001', 'IBTlD2PpKTjtj9PFAQsEzNcin50xcWak', '094059391', 1633523448, '', 1), (726, 219, '840', '001', 'BWtLAlRLrZLKIpsDOjP/ow9FoJYCFNTc', '094059409', 1633523448, '', 1), (727, 220, '978', '001', 'h9SVnkIzN+uWZT1Xde/w+PCmAOh96TJC', '059380782', 1636649845, '', 1), (728, 220, '840', '002', 'BzZANs+TdpF9itKOfGCpRyMohilRthEK', '059380782', 1636649845, '', 1), (729, 221, '978', '100', 'IuTLPr+wycYq/t+wzs4sEirJLszPbObR', '899136949', 1661174236, NULL, 1), (730, 221, '840', '101', 'ROkCNvphSTb1LElZJ9YhkEVhXnHoIRZ2', '899136949', 1661174236, NULL, 1), (731, 222, '978', '1', 'zRllIBWg14aZqdG53MvZp8bFXwxXrvEP', '992156711', 0, '', 1), (732, 222, '840', '2', 'zRllIBWg14aZqdG53MvZp8bFXwxXrvEP', '992156711', 0, '', 1), (733, 222, '124', '3', 'zRllIBWg14aZqdG53MvZp8bFXwxXrvEP', '992156711', 0, '', 0), (734, 222, '826', '4', 'zRllIBWg14aZqdG53MvZp8bFXwxXrvEP', '992156711', 0, '', 1), (735, 223, '840', '7', 'WcutRVwjOC8NftgUD855BI3dGixY2Hbf', '84FF40238D11CBC67AB212DAF52B1A26', 1632146862, '', 1), (736, 223, '978', '7', 'H6ygu/O+99wl9Mxex9NQE5NJGbSHfhBn', '982E5D8656C42361F16BEE9C7C4C5842', 1632146862, '', 1), (737, 224, '840', '7', 'WcutRVwjOC8NftgUD855BI3dGixY2Hbf', '84FF40238D11CBC67AB212DAF52B1A26', 1632146862, '', 1), (738, 224, '978', '7', 'H6ygu/O+99wl9Mxex9NQE5NJGbSHfhBn', '982E5D8656C42361F16BEE9C7C4C5842', 1632146862, '', 1), (739, 225, '978', '00000001', 'CKSEkfmjO7Ybee99PZvBGds', '059406173', 1668034800, '', 1), (740, 225, '840', '00000002', 'CKSEkfmjO7Ybee99PZvBGds', '059406173', 1668034800, '', 1), (741, 226, '978', '001', 'Ew8zQGWXBhvVVoSEDJkuCGewqGlUiF0z', '059414656', 1671221906, '', 1), (742, 226, '840', '002', 'DEiXPLvNnFA7JJQk+ofYjzEGH/f8WAw7', '059414656', 1673450449, '', 1), (743, 227, '840', '002', 'yaoSNDWpLMPXT9ZHhUTrUh91MJkbZuYP', '159204098', 1545161291, '', 1), (744, 227, '978', '001', 'ALwu1C0Pd6GFl6Qr1UVEotvpg8fkVNgd', '159204098', 1545161291, '', 1), (745, 228, '978', '001', 'OmUOhPy4cngFuspL7RZxHaCO/yIQsurl', '055551063', 1479223984, '', 1), (746, 228, '840', '001', 'oKsysmm64e2G6bGg7hjgyWDPb9eqFWiU', '055563068', 1617633357, '', 1), (747, 228, '124', '001', 'HlwmN8LMF41TYnrg61StwCdvx2xSE6eC', '055563076', 1617633357, '', 1), (748, 228, '826', '001', 'Y7Lq626EW2TzYMWfLTVFkWiaK+f63GZF', '055563084', 1617633357, '', 1), (749, 229, '978', '5214', 'gBfrwkXvPNCpFS79H3KY', 'vmnk12pt', 1490626845, '5NLrDTcGpf8sdV1XHKkQgqSJMP0Rzjwx', 1), (750, 229, '840', '5362', 'TV8yKLpY1XvBkqMs9wCt', 'vmnk12pt', 1491925990, 'JWbTCht7BYncZNKx5X32D6Gzy0QVSkRg', 1), (751, 229, '124', '5361', 'S0gh8sHrdQxmCJP1zT6k', 'vmnk12pt', 1491925990, 'TpmxbtrKV2Y5c84QNqwMRSG9fL7WHsDJ', 1), (752, 229, '826', '5358', 'bnSTGRqPh1j0zJcZ3MQ7', 'vmnk12pt', 1491925990, 'wfM4nbJGLZWjDTSpF2HYvg39stRKcPz5', 1), (753, 230, '978', '00000100', 'ANq7xXZR2wVYvRN8GFB1NEC', '159244326', 1622653763, '', 1), (754, 230, '840', '00000101', 'ANq7xXZR2wVYvRN8GFB1NEC', '159244326', 1622653763, '', 1), (755, 230, '826', '00000103', 'ANq7xXZR2wVYvRN8GFB1NEC', '159244326', 1622653763, '', 1), (756, 230, '124', '00000102', 'ANq7xXZR2wVYvRN8GFB1NEC', '159244326', 1622653763, '', 1), (757, 231, '978', '001', '05hqAAHV3gNavFu6/KsghlypD/VPimBs', '306024431', 1490789253, '', 1), (758, 232, '978', '001', 'uWSfm5jr1DjD/20bq9iTjY998CecFbq2', '014389340', 1605111432, '', 1), (759, 232, '124', '002', 'RrjFsW/7j4Ai3EzaL+8l79z/gaT0fiGf', '014389340', 1608325400, '', 1), (760, 232, '840', '003', 'ie+Eo/kgyCq/aZHd8qR92+C+xnq4BdR0', '014389340', 1605111432, '', 1), (761, 232, '826', '004', 'o6R7cgwog3ITq/4jIEv7DchmxV4fHctY', '014389340', 1608325426, '', 1), (762, 233, '978', '001', 'pingxRgfBYiXm2efEdcVuuAmZ2z/KInc', '185012515', 1569590406, '', 1), (763, 233, '840', '002', 'L0DPnpanlcSOkdQxqcbzj8d8LW1dzt/w', '185012515', 1569590715, '', 1), (764, 234, '978', '', 'hT3Wg8Slp04Y1KmCO4wk', 'VAD-565-709', 1564577080, '', 1), (765, 235, '978', '00000001', 'CKSEkfmjO7Ybee99PZvBGds', '059406173', 1668034800, '', 1), (766, 235, '840', '00000002', 'CKSEkfmjO7Ybee99PZvBGds', '059406173', 1668034800, '', 1), (767, 236, '978', '00000001', 'CKSEkfmjO7Ybee99PZvBGds', '059406173', 1668034800, '', 1), (768, 236, '840', '00000002', 'CKSEkfmjO7Ybee99PZvBGds', '059406173', 1668034800, '', 0), (769, 237, '978', '00000100', 'ANq7xXZR2wVYvRN8GFB1NEC', '159244326', 1624300740, '', 1), (770, 237, '840', '00000101', 'ANq7xXZR2wVYvRN8GFB1NEC', '159244326', 1624300740, '', 1), (771, 237, '826', '00000103', 'ANq7xXZR2wVYvRN8GFB1NEC', '159244326', 1624300740, '', 1), (772, 237, '124', '00000102', 'ANq7xXZR2wVYvRN8GFB1NEC', '159244326', 1624300740, '', 1), (773, 238, '978', '00000003', 'ZSSBWSJ5', '213261829', 1675700757, '0000554013,2', 1), (774, 238, '840', '00000003', 'ZSSBWSJ5', '213261829', 1675700757, '0000554013,2', 1), (775, 239, '978', '00000001', '59a92da86787b6.42361573', '081588022', 1641829070, '', 1), (776, 239, '840', '00000001', '59a92da86787b6.42361573', '081588022', 1641829070, '', 1), (777, 241, '978', '001', 'sq7HjrUOBfKmC576ILgskD5srU870gJ7', '361675267', 1697656500, '', 1), (778, 242, '978', '002', 'Af+/Y24lvvcHeR+xCfa0I5Ub0OOacXbs', '992193136', 1616769956, '', 1), (779, 242, '124', '005', 'BxELwveE6Ty7fm7KceDobYJ7i/oVtFzO', '992193136', 1618252536, '', 0), (780, 242, '826', '004', '5dTg0eT7J9m846kg8TEa9FJmMmp+aqu9', '992193136', 1618252580, '', 1), (781, 242, '840', '003', 'pytSjLXBmDKYq+m7bAB0hM6lkUimHnuI', '992193136', 1618252637, '', 1), (782, 243, '978', '65016', 'y9PrzepUq7Mvu6xOKT05', 'vmnk12pt', 1698867650, 'ptECX0a6R5KgNuDJGr2mT78oI4Mv9Wz1', 1), (783, 243, '840', '66144', 'Aupo7QaRbwyPU9GXLeNO', 'vmnk12pt', 1700845415, 'iDPGVfw6eqQTnrkFIstBp0SghdyC715o', 1), (784, 243, '826', '66145', 's7Mb4UN8xVg1WoivyAa9', 'vmnk12pt', 1700845415, '6VxiZSUwbING7oOa32YEkqgrAe5RQFnc', 1), (785, 243, '124', '66146', 'gZ7Yr5xcKy4VkORdXA6I', 'vmnk12pt', 1700845415, '8UFzpC0iyG3K4mfuDIBqYg1EHcXRPoa6', 1), (786, 244, '978', '00000003', 'T21RAFBM', '054252135', 1414068825, '0000554026,2', 1), (787, 244, '840', '00000003', 'T21RAFBM', '054252135', 1493056820, '0000554026,2', 1), (788, 244, '826', '00000003', 'T21RAFBM', '054252135', 1493131344, '0000554026,2', 1), (789, 244, '124', '00000003', 'T21RAFBM', '054252135', 1493131344, '0000554026,2', 1), (790, 245, '124', '00000003', '40X0AOZ7', '081751497', 1584620146, '0000554026,2', 1), (791, 245, '840', '00000003', '40X0AOZ7', '081751497', 1584620146, '0000554026,2', 1), (792, 245, '978', '00000003', '40X0AOZ7', '081751497', 1584620146, '0000554026,2', 1), (793, 245, '826', '00000003', '40X0AOZ7', '081751497', 1584620146, '0000554026,2', 1), (794, 246, '978', '001', 'uWSfm5jr1DjD/20bq9iTjY998CecFbq2', '014389340', 1605111432, '', 1), (795, 246, '124', '002', 'RrjFsW/7j4Ai3EzaL+8l79z/gaT0fiGf', '014389340', 1608325400, '', 1), (796, 246, '840', '003', 'ie+Eo/kgyCq/aZHd8qR92+C+xnq4BdR0', '014389340', 1605111432, '', 1), (797, 246, '826', '004', 'o6R7cgwog3ITq/4jIEv7DchmxV4fHctY', '014389340', 1608325426, '', 1), (798, 241, '840', '002', 'sq7HjrUOBfKmC576ILgskD5srU870gJ7', '361675267', 1701886765, '', 1), (799, 241, '124', '003', 'sq7HjrUOBfKmC576ILgskD5srU870gJ7', '361675267', 1701886811, '', 1), (800, 241, '826', '004', 'sq7HjrUOBfKmC576ILgskD5srU870gJ7', '361675267', 1701886843, '', 1);
COMMIT;

-- ----------------------------
-- Table structure for tbl_colTarjPasar
-- ----------------------------
CREATE TABLE `tbl_colTarjPasar`  (
  `id` int NOT NULL AUTO_INCREMENT,
  `idTarj` int NULL DEFAULT NULL,
  `idPasar` smallint NULL DEFAULT NULL,
  PRIMARY KEY (`id`) USING BTREE,
  INDEX `idTarj`(`idTarj` ASC) USING BTREE,
  INDEX `idPasar`(`idPasar` ASC) USING BTREE,
  CONSTRAINT `tbl_colTarjPasar_ibfk_1` FOREIGN KEY (`idTarj`) REFERENCES `tbl_tarjetas` (`id`) ON DELETE NO ACTION ON UPDATE NO ACTION,
  CONSTRAINT `tbl_colTarjPasar_ibfk_4` FOREIGN KEY (`idPasar`) REFERENCES `tbl_pasarela` (`idPasarela`) ON DELETE CASCADE ON UPDATE CASCADE
) ENGINE = InnoDB AUTO_INCREMENT = 5978 CHARACTER SET = utf8 COLLATE = utf8_spanish_ci;

-- ----------------------------
-- Records of tbl_colTarjPasar
-- ----------------------------
BEGIN;
INSERT INTO `tbl_colTarjPasar` (`id`, `idTarj`, `idPasar`) VALUES (9, 1, 53), (12, 1, 60), (32, 2, 2), (33, 2, 3), (34, 2, 4), (35, 2, 5), (36, 2, 6), (37, 2, 7), (38, 2, 8), (39, 2, 9), (40, 2, 10), (41, 2, 11), (42, 2, 13), (43, 2, 14), (44, 2, 15), (45, 2, 16), (46, 2, 17), (47, 2, 18), (48, 2, 19), (49, 2, 20), (50, 2, 21), (51, 2, 22), (52, 2, 24), (53, 2, 25), (54, 2, 26), (55, 2, 27), (56, 2, 28), (57, 2, 30), (58, 2, 33), (59, 2, 34), (60, 2, 35), (61, 2, 36), (62, 2, 38), (63, 2, 39), (64, 2, 40), (65, 2, 42), (66, 2, 43), (67, 2, 49), (68, 2, 53), (69, 2, 56), (70, 2, 57), (71, 2, 60), (72, 2, 61), (73, 2, 65), (81, 2, 37), (87, 2, 48), (91, 2, 54), (95, 2, 62), (100, 2, 69), (105, 2, 74), (159, 3, 2), (160, 3, 3), (161, 3, 4), (162, 3, 5), (163, 3, 6), (164, 3, 7), (165, 3, 8), (166, 3, 9), (167, 3, 10), (168, 3, 11), (169, 3, 13), (170, 3, 14), (171, 3, 15), (172, 3, 16), (173, 3, 17), (174, 3, 18), (175, 3, 19), (176, 3, 20), (177, 3, 21), (178, 3, 22), (179, 3, 24), (180, 3, 25), (181, 3, 26), (182, 3, 27), (183, 3, 28), (184, 3, 30), (185, 3, 33), (186, 3, 34), (187, 3, 35), (188, 3, 36), (189, 3, 38), (190, 3, 39), (191, 3, 40), (192, 3, 42), (193, 3, 43), (194, 3, 49), (195, 3, 53), (196, 3, 56), (197, 3, 57), (198, 3, 60), (199, 3, 61), (200, 3, 65), (208, 3, 37), (214, 3, 48), (218, 3, 54), (222, 3, 62), (227, 3, 69), (232, 3, 74), (1060, 3, 91), (1061, 2, 91), (1428, 3, 110), (1429, 9, 110), (1430, 11, 110), (1431, 2, 110), (1432, 10, 110), (1444, 3, 112), (1445, 2, 112), (1818, 1, 82), (1819, 5, 82), (1820, 3, 82), (1821, 9, 82), (1822, 2, 82), (1823, 10, 82), (1824, 1, 83), (1825, 5, 83), (1826, 3, 83), (1827, 9, 83), (1828, 2, 83), (1829, 10, 83), (2977, 11, 86), (2978, 1, 63), (2979, 3, 63), (2980, 9, 63), (2981, 2, 63), (2982, 10, 63), (3872, 2, 165), (3903, 2, 166), (4113, 3, 136), (4114, 9, 136), (4115, 15, 136), (4116, 2, 136), (4117, 3, 172), (4118, 2, 172), (4119, 13, 29), (4120, 3, 29), (4121, 2, 29), (4122, 1, 31), (4123, 13, 31), (4124, 3, 31), (4125, 9, 31), (4126, 2, 31), (4127, 12, 121), (4128, 1, 142), (4129, 13, 142), (4130, 3, 142), (4131, 9, 142), (4132, 2, 142), (4133, 11, 87), (4134, 12, 44), (4135, 3, 44), (4136, 9, 44), (4137, 15, 44), (4138, 2, 44), (4139, 12, 124), (4140, 3, 124), (4141, 9, 124), (4142, 15, 124), (4143, 2, 124), (4144, 12, 157), (4145, 3, 157), (4146, 9, 157), (4147, 15, 157), (4148, 2, 157), (4149, 11, 108), (4150, 1, 75), (4151, 5, 75), (4152, 3, 75), (4153, 9, 75), (4154, 2, 75), (4155, 10, 75), (4156, 1, 81), (4157, 5, 81), (4158, 3, 81), (4159, 9, 81), (4160, 11, 81), (4161, 2, 81), (4162, 10, 81), (4163, 1, 143), (4164, 5, 143), (4165, 3, 143), (4166, 9, 143), (4167, 11, 143), (4168, 2, 143), (4169, 10, 143), (4170, 1, 171), (4171, 5, 171), (4172, 3, 171), (4173, 9, 171), (4174, 11, 171), (4175, 2, 171), (4176, 10, 171), (4177, 1, 132), (4178, 5, 132), (4179, 3, 132), (4180, 9, 132), (4181, 2, 132), (4182, 10, 132), (4183, 1, 158), (4184, 5, 158), (4185, 3, 158), (4186, 9, 158), (4187, 2, 158), (4188, 10, 158), (4189, 11, 104), (4222, 1, 162), (4223, 5, 162), (4224, 3, 162), (4225, 9, 162), (4226, 2, 162), (4293, 1, 150), (4294, 5, 150), (4295, 3, 150), (4296, 9, 150), (4297, 11, 150), (4298, 2, 150), (4299, 10, 150), (4300, 3, 148), (4301, 2, 148), (4302, 3, 103), (4303, 1, 23), (4304, 3, 23), (4305, 9, 23), (4306, 2, 23), (4307, 1, 123), (4308, 3, 123), (4309, 9, 123), (4310, 2, 123), (4311, 11, 100), (4312, 3, 88), (4313, 2, 88), (4314, 1, 32), (4315, 13, 32), (4316, 3, 32), (4317, 2, 32), (4318, 10, 32), (4319, 13, 41), (4320, 3, 41), (4321, 9, 41), (4322, 2, 41), (4323, 11, 102), (4324, 3, 52), (4325, 9, 52), (4326, 2, 52), (4327, 3, 154), (4328, 9, 154), (4329, 2, 154), (4330, 1, 77), (4331, 5, 77), (4332, 3, 77), (4333, 9, 77), (4334, 2, 77), (4335, 10, 77), (4336, 3, 149), (4337, 9, 149), (4338, 2, 149), (4339, 10, 149), (4340, 1, 147), (4341, 5, 147), (4342, 3, 147), (4343, 9, 147), (4344, 2, 147), (4345, 10, 147), (4346, 1, 133), (4347, 5, 133), (4348, 3, 133), (4349, 9, 133), (4350, 2, 133), (4351, 10, 133), (4352, 1, 155), (4353, 5, 155), (4354, 3, 155), (4355, 9, 155), (4356, 2, 155), (4357, 10, 155), (4358, 3, 94), (4359, 9, 94), (4360, 2, 94), (4361, 10, 94), (4362, 3, 92), (4363, 9, 92), (4364, 2, 92), (4365, 10, 92), (4366, 3, 134), (4367, 9, 134), (4368, 2, 134), (4369, 10, 134), (4370, 3, 135), (4371, 9, 135), (4372, 2, 135), (4373, 10, 135), (4374, 3, 159), (4375, 9, 159), (4376, 2, 159), (4377, 10, 159), (4378, 11, 105), (4379, 1, 89), (4380, 5, 89), (4381, 3, 89), (4382, 9, 89), (4383, 2, 89), (4384, 1, 90), (4385, 5, 90), (4386, 3, 90), (4387, 9, 90), (4388, 2, 90), (4389, 1, 170), (4390, 5, 170), (4391, 3, 170), (4392, 9, 170), (4393, 2, 170), (4394, 1, 169), (4395, 5, 169), (4396, 3, 169), (4397, 9, 169), (4398, 2, 169), (4399, 1, 161), (4400, 5, 161), (4401, 3, 161), (4402, 9, 161), (4403, 2, 161), (4452, 1, 51), (4453, 3, 51), (4454, 9, 51), (4455, 2, 51), (4456, 10, 51), (4457, 1, 127), (4458, 3, 127), (4459, 9, 127), (4460, 2, 127), (4461, 10, 127), (4462, 11, 97), (4463, 1, 93), (4464, 14, 93), (4465, 1, 167), (4466, 14, 167), (4467, 3, 167), (4468, 9, 167), (4469, 11, 167), (4470, 15, 167), (4471, 2, 167), (4472, 1, 160), (4473, 14, 160), (4474, 3, 160), (4475, 9, 160), (4476, 11, 160), (4477, 15, 160), (4478, 2, 160), (4486, 1, 58), (4487, 14, 58), (4488, 3, 58), (4489, 9, 58), (4490, 15, 58), (4491, 2, 58), (4492, 1, 128), (4493, 14, 128), (4494, 3, 128), (4495, 9, 128), (4496, 15, 128), (4497, 2, 128), (4505, 1, 140), (4506, 14, 140), (4507, 3, 140), (4508, 9, 140), (4509, 15, 140), (4510, 2, 140), (4531, 11, 79), (4532, 4, 64), (4533, 5, 64), (4534, 3, 64), (4535, 9, 64), (4536, 11, 64), (4537, 2, 64), (4547, 1, 131), (4548, 3, 131), (4549, 9, 131), (4550, 2, 131), (4551, 10, 131), (4552, 11, 106), (4717, 1, 156), (4718, 3, 156), (4719, 9, 156), (4720, 2, 156), (4721, 3, 182), (4722, 2, 182), (4723, 2, 183), (4724, 3, 183), (4759, 3, 55), (4760, 2, 55), (4761, 2, 189), (4762, 3, 189), (4786, 1, 151), (4787, 3, 151), (4788, 2, 151), (4861, 1, 201), (4862, 14, 201), (4863, 3, 201), (4864, 9, 201), (4865, 15, 201), (4866, 2, 201), (4876, 1, 202), (4877, 3, 202), (4878, 2, 202), (4883, 3, 204), (4884, 2, 204), (4885, 1, 187), (4886, 3, 187), (4887, 15, 187), (4888, 2, 187), (4893, 3, 175), (4894, 2, 175), (4911, 1, 205), (4912, 3, 205), (4913, 9, 205), (4914, 2, 205), (4915, 10, 205), (4916, 1, 206), (4917, 3, 206), (4918, 9, 206), (4919, 2, 206), (4920, 10, 206), (4957, 1, 113), (4958, 14, 113), (4959, 3, 113), (4960, 15, 113), (4961, 2, 113), (4962, 11, 210), (4963, 3, 211), (4964, 2, 211), (4967, 3, 212), (4968, 2, 212), (4996, 1, 199), (4997, 3, 199), (4998, 2, 199), (5001, 3, 195), (5002, 2, 195), (5015, 3, 217), (5016, 2, 217), (5021, 3, 139), (5022, 2, 139), (5023, 3, 80), (5024, 2, 80), (5025, 3, 218), (5026, 2, 218), (5027, 2, 216), (5089, 3, 213), (5090, 2, 213), (5111, 2, 221), (5112, 3, 221), (5119, 3, 207), (5120, 9, 207), (5121, 2, 207), (5129, 4, 184), (5130, 14, 184), (5131, 5, 184), (5132, 3, 184), (5133, 9, 184), (5134, 15, 184), (5135, 2, 184), (5142, 4, 214), (5143, 14, 214), (5144, 3, 214), (5145, 9, 214), (5146, 15, 214), (5147, 2, 214), (5233, 3, 179), (5234, 2, 179), (5238, 1, 198), (5239, 3, 198), (5240, 2, 198), (5241, 3, 180), (5242, 2, 180), (5243, 3, 197), (5244, 2, 197), (5245, 3, 196), (5246, 2, 196), (5256, 12, 138), (5257, 3, 138), (5258, 2, 138), (5266, 1, 71), (5267, 4, 71), (5268, 14, 71), (5269, 5, 71), (5270, 3, 71), (5271, 9, 71), (5272, 15, 71), (5273, 2, 71), (5282, 1, 141), (5283, 4, 141), (5284, 14, 141), (5285, 5, 141), (5286, 3, 141), (5287, 9, 141), (5288, 15, 141), (5289, 2, 141), (5290, 1, 130), (5291, 4, 130), (5292, 14, 130), (5293, 5, 130), (5294, 3, 130), (5295, 9, 130), (5296, 15, 130), (5297, 2, 130), (5298, 1, 176), (5299, 5, 176), (5300, 3, 176), (5301, 9, 176), (5302, 2, 176), (5347, 1, 72), (5348, 4, 72), (5349, 14, 72), (5350, 5, 72), (5351, 3, 72), (5352, 9, 72), (5353, 15, 72), (5354, 2, 72), (5355, 1, 59), (5356, 14, 59), (5357, 3, 59), (5358, 9, 59), (5359, 15, 59), (5360, 2, 59), (5396, 14, 227), (5397, 3, 227), (5398, 15, 227), (5399, 2, 227), (5400, 3, 228), (5401, 2, 228), (5402, 4, 229), (5403, 14, 229), (5404, 5, 229), (5405, 3, 229), (5406, 9, 229), (5407, 15, 229), (5408, 2, 229), (5409, 5, 230), (5410, 3, 230), (5411, 9, 230), (5412, 2, 230), (5413, 3, 73), (5414, 9, 73), (5415, 2, 73), (5416, 10, 73), (5417, 3, 231), (5418, 9, 231), (5419, 2, 231), (5420, 10, 231), (5421, 3, 232), (5422, 2, 232), (5423, 3, 233), (5424, 2, 233), (5448, 3, 237), (5449, 2, 237), (5468, 5, 236), (5469, 3, 236), (5470, 9, 236), (5471, 2, 236), (5481, 3, 186), (5482, 9, 186), (5483, 2, 186), (5505, 1, 116), (5506, 3, 116), (5507, 2, 116), (5527, 5, 225), (5528, 3, 225), (5529, 9, 225), (5530, 2, 225), (5539, 3, 209), (5540, 9, 209), (5541, 2, 209), (5542, 10, 209), (5583, 3, 203), (5584, 9, 203), (5585, 2, 203), (5586, 3, 191), (5587, 9, 191), (5588, 2, 191), (5589, 3, 220), (5590, 9, 220), (5591, 2, 220), (5592, 3, 188), (5593, 9, 188), (5594, 15, 188), (5595, 2, 188), (5619, 5, 76), (5620, 3, 76), (5621, 9, 76), (5622, 2, 76), (5623, 10, 76), (5624, 3, 45), (5625, 9, 45), (5626, 2, 45), (5627, 10, 45), (5628, 3, 181), (5629, 9, 181), (5630, 2, 181), (5631, 10, 181), (5632, 3, 125), (5633, 9, 125), (5634, 2, 125), (5635, 10, 125), (5636, 11, 85), (5637, 3, 46), (5638, 9, 46), (5639, 15, 46), (5640, 2, 46), (5641, 3, 126), (5642, 9, 126), (5643, 15, 126), (5644, 2, 126), (5649, 3, 208), (5650, 9, 208), (5651, 15, 208), (5652, 2, 208), (5657, 11, 84), (5658, 3, 95), (5659, 2, 95), (5660, 3, 47), (5661, 2, 47), (5662, 3, 66), (5663, 2, 66), (5664, 3, 70), (5665, 2, 70), (5668, 3, 238), (5669, 2, 238), (5670, 3, 222), (5671, 9, 222), (5672, 15, 222), (5673, 2, 222), (5679, 3, 129), (5680, 2, 129), (5681, 3, 153), (5682, 2, 153), (5688, 12, 98), (5689, 3, 98), (5690, 2, 98), (5697, 12, 12), (5698, 18, 12), (5699, 3, 12), (5700, 2, 12), (5710, 12, 68), (5711, 18, 68), (5712, 3, 68), (5713, 2, 68), (5714, 12, 145), (5715, 18, 145), (5716, 3, 145), (5717, 2, 145), (5718, 12, 144), (5719, 18, 144), (5720, 3, 144), (5721, 2, 144), (5722, 12, 146), (5723, 18, 146), (5724, 3, 146), (5725, 2, 146), (5752, 3, 50), (5753, 2, 50), (5759, 17, 194), (5760, 17, 239), (5810, 1, 1), (5811, 12, 1), (5812, 4, 1), (5813, 14, 1), (5814, 13, 1), (5815, 5, 1), (5816, 3, 1), (5817, 9, 1), (5818, 16, 1), (5819, 11, 1), (5820, 15, 1), (5821, 2, 1), (5822, 10, 1), (5841, 1, 115), (5842, 4, 115), (5843, 3, 115), (5844, 2, 115), (5845, 11, 117), (5846, 4, 234), (5847, 11, 118), (5848, 11, 99), (5851, 2, 241), (5852, 3, 241), (5855, 3, 215), (5856, 2, 215), (5857, 3, 224), (5858, 2, 224), (5859, 3, 226), (5860, 9, 226), (5861, 2, 226), (5862, 16, 223), (5863, 16, 185), (5886, 3, 243), (5887, 2, 243), (5888, 12, 111), (5889, 18, 111), (5890, 3, 111), (5891, 11, 111), (5892, 2, 111), (5905, 4, 122), (5906, 14, 122), (5907, 12, 244), (5908, 12, 245), (5909, 18, 245), (5913, 1, 246), (5920, 3, 192), (5921, 9, 192), (5922, 15, 192), (5923, 2, 192), (5924, 3, 219), (5925, 2, 219), (5946, 12, 164), (5947, 18, 164), (5948, 3, 164), (5949, 2, 164), (5950, 3, 168), (5951, 9, 168), (5952, 15, 168), (5953, 2, 168), (5954, 3, 242), (5955, 9, 242), (5956, 15, 242), (5957, 2, 242), (5958, 3, 137), (5959, 2, 137), (5960, 1, 120), (5961, 3, 120), (5962, 2, 120), (5963, 1, 163), (5964, 3, 163), (5965, 2, 163), (5966, 1, 119), (5967, 3, 119), (5968, 9, 119), (5969, 2, 119), (5970, 10, 119), (5971, 5, 235), (5972, 3, 235), (5973, 9, 235), (5974, 2, 235), (5975, 1, 67), (5976, 3, 67), (5977, 2, 67);
COMMIT;

-- ----------------------------
-- Table structure for tbl_empresas
-- ----------------------------
CREATE TABLE `tbl_empresas`  (
  `id` tinyint NOT NULL AUTO_INCREMENT,
  `nombre` varchar(30) CHARACTER SET latin1 COLLATE latin1_swedish_ci NOT NULL,
  `fecha` int NOT NULL,
  `imgCierre` varchar(15) CHARACTER SET latin1 COLLATE latin1_swedish_ci NULL DEFAULT NULL COMMENT 'imagen que se pone en los cierres images/cierre/',
  PRIMARY KEY (`id`) USING BTREE
) ENGINE = InnoDB AUTO_INCREMENT = 8 CHARACTER SET = latin1 COLLATE = latin1_swedish_ci;

-- ----------------------------
-- Records of tbl_empresas
-- ----------------------------
BEGIN;
INSERT INTO `tbl_empresas` (`id`, `nombre`, `fecha`, `imgCierre`) VALUES (1, 'Bidaiondo SL', 1420552000, 'bida.jpg'), (2, 'MAF Servicios Integrales SL', 1420552000, 'maf.jpg'), (3, 'Publinet SLU', 1420552021, 'publi.jpg'), (4, 'IberoTravels', 1484060376, 'ibero.jpg'), (5, 'Test Environment', 1502207023, NULL), (6, 'Yeshome', 1631710488, NULL), (7, 'Bidalketa', 1670861030, NULL);
COMMIT;

-- ----------------------------
-- Table structure for tbl_moneda
-- ----------------------------
CREATE TABLE `tbl_moneda`  (
  `idmoneda` char(3) CHARACTER SET utf8 COLLATE utf8_spanish_ci NOT NULL,
  `moneda` char(3) CHARACTER SET utf8 COLLATE utf8_spanish_ci NOT NULL,
  `fecha` int NOT NULL DEFAULT 0,
  `denominacion` varchar(40) CHARACTER SET latin1 COLLATE latin1_spanish_ci NOT NULL,
  `factmult` smallint NOT NULL DEFAULT 1 COMMENT 'factor de multiplicación para convertirlo en entero',
  `activo` tinyint(1) NOT NULL DEFAULT 1,
  PRIMARY KEY (`idmoneda`) USING BTREE
) ENGINE = InnoDB CHARACTER SET = latin1 COLLATE = latin1_spanish_ci;

-- ----------------------------
-- Records of tbl_moneda
-- ----------------------------
BEGIN;
INSERT INTO `tbl_moneda` (`idmoneda`, `moneda`, `fecha`, `denominacion`, `factmult`, `activo`) VALUES ('124', 'CAD', 1360685306, 'Dólar Canadiense', 1, 1), ('152', 'CLP', 1395165186, 'Peso Chileno', 100, 0), ('170', 'COP', 1395165186, 'Peso Colombiano', 1, 0), ('192', 'CUP', 1614799546, 'Peso Cubano', 1, 0), ('32', 'ARS', 1395165186, 'Peso Argentino', 1, 0), ('356', 'INR', 1395165186, 'Rupia India', 1, 0), ('392', 'JPY', 1379685821, 'Yen Japonés', 100, 0), ('484', 'MXN', 1395165186, 'Nuevo Peso Mexicano', 1, 0), ('604', 'PEN', 1395165186, 'Nuevos Soles Peruanos', 1, 0), ('756', 'CHF', 1401217517, 'Franco Suizo', 1, 0), ('826', 'GBP', 1204347600, 'Libra Esterlina', 1, 1), ('840', 'USD', 1204347600, 'Dólar USA', 1, 1), ('937', 'VEF', 1395165186, 'Bolívar Fuerte', 1, 0), ('949', 'TRY', 1395165186, 'Lira Turca', 1, 0), ('978', 'EUR', 1204347600, 'Euro', 1, 1), ('986', 'BRL', 1401217517, 'Real Brasileño', 1, 0);
COMMIT;

-- ----------------------------
-- Table structure for tbl_pasarela
-- ----------------------------
CREATE TABLE `tbl_pasarela`  (
  `idPasarela` smallint NOT NULL AUTO_INCREMENT,
  `nombre` varchar(100) CHARACTER SET utf8 COLLATE utf8_spanish_ci NOT NULL,
  `tipo` char(1) CHARACTER SET latin1 COLLATE latin1_spanish_ci NOT NULL DEFAULT 'P' COMMENT 'P- pagos, T- transferencias, R- prueba',
  `cuenta` varchar(1500) CHARACTER SET utf8 COLLATE utf8_spanish_ci NULL DEFAULT NULL,
  `datos` varchar(1500) CHARACTER SET latin1 COLLATE latin1_spanish_ci NULL DEFAULT NULL COMMENT 'cadena separada por comas con los datos de la pasarela ver index.php',
  `fecha` int NOT NULL,
  `activo` tinyint(1) NOT NULL DEFAULT 1,
  `comercio` varchar(300) CHARACTER SET latin1 COLLATE latin1_spanish_ci NULL DEFAULT NULL,
  `imagen` varchar(60) CHARACTER SET latin1 COLLATE latin1_spanish_ci NULL DEFAULT NULL,
  `idcenauto` smallint NOT NULL COMMENT 'identificador del centro autorizador',
  `estado` char(1) CHARACTER SET latin1 COLLATE latin1_spanish_ci NOT NULL DEFAULT 'D' COMMENT 'P - produccion, D- desarrollo',
  `secure` tinyint(1) NOT NULL DEFAULT 0 COMMENT '0-no segura, 1-segura, 2-otros metodos de pago',
  `idbanco` smallint NOT NULL DEFAULT 1,
  `devolucion` tinyint(1) NOT NULL DEFAULT 0,
  `idempresa` tinyint NOT NULL DEFAULT 1,
  `LimMinOper` int NOT NULL DEFAULT 0,
  `LimMaxOper` int NOT NULL DEFAULT 100000000,
  `LimDiar` int NOT NULL DEFAULT 100000000,
  `LimMens` int NOT NULL DEFAULT 100000000,
  `LimAnual` int NOT NULL DEFAULT 100000000,
  `LimOperIpDia` int NOT NULL DEFAULT 100,
  `LimOperTarDia` int NOT NULL DEFAULT 100,
  `LimOperDia` int NOT NULL DEFAULT 500,
  `coefImporta` decimal(3, 2) NOT NULL DEFAULT 1.00 COMMENT 'coeficiente de importancia de pasarela, selecc pasarela intelig',
  `idagencia` int NULL DEFAULT NULL,
  `amex` tinyint(1) NOT NULL DEFAULT 0 COMMENT '0-no amex, 1-si amex',
  `observacion` tinytext CHARACTER SET latin1 COLLATE latin1_spanish_ci NULL,
  `fechamod` int NOT NULL,
  `usdxamex` int NOT NULL DEFAULT 0 COMMENT '0-no permite usd x amex, 1-permite usd x amex',
  `pasarLim` int NOT NULL DEFAULT 0 COMMENT 'pasarela sobre la que evalua los limites',
  PRIMARY KEY (`idPasarela`) USING BTREE,
  INDEX `activo`(`activo` ASC) USING BTREE,
  INDEX `idbanco`(`idbanco` ASC) USING BTREE,
  INDEX `idempresa`(`idempresa` ASC) USING BTREE,
  INDEX `idagencia`(`idagencia` ASC) USING BTREE,
  INDEX `amex`(`amex` ASC) USING BTREE,
  CONSTRAINT `tbl_pasarela_ibfk_1` FOREIGN KEY (`idbanco`) REFERENCES `tbl_bancos` (`id`) ON DELETE CASCADE ON UPDATE CASCADE,
  CONSTRAINT `tbl_pasarela_ibfk_3` FOREIGN KEY (`idagencia`) REFERENCES `tbl_agencias` (`id`) ON DELETE CASCADE ON UPDATE CASCADE,
  CONSTRAINT `tbl_pasarela_ibfk_4` FOREIGN KEY (`idempresa`) REFERENCES `tbl_empresas` (`id`) ON DELETE NO ACTION ON UPDATE CASCADE
) ENGINE = InnoDB AUTO_INCREMENT = 248 CHARACTER SET = latin1 COLLATE = latin1_spanish_ci;

-- ----------------------------
-- Records of tbl_pasarela
-- ----------------------------
BEGIN;
INSERT INTO `tbl_pasarela` (`idPasarela`, `nombre`, `tipo`, `cuenta`, `datos`, `fecha`, `activo`, `comercio`, `imagen`, `idcenauto`, `estado`, `secure`, `idbanco`, `devolucion`, `idempresa`, `LimMinOper`, `LimMaxOper`, `LimDiar`, `LimMens`, `LimAnual`, `LimOperIpDia`, `LimOperTarDia`, `LimOperDia`, `coefImporta`, `idagencia`, `amex`, `observacion`, `fechamod`, `usdxamex`, `pasarLim`) VALUES (1, 'BBVA', 'P', 'B9550206800001', '47;57;5C;35;25;50;5C;2F;72;7D;05;70;02;03;75;73;79;1A;6C;1A,santaemi,B9550206800001,999999,234623452343,https://www.concentradoramf.com/rep/llegada.php,https://www.concentradoramf.com/rep/,https://w3.grupobbva.com/TLPV/tlpv/TLPV_pub_RecepOpModeloServidor', 1395068261, 1, 'Test Environtment', 'bbva', 1, 'D', 1, 1, 0, 5, 0, 100000000, 100000000, 100000000, 100000000, 1000, 100, 1000, 1.00, 7, 0, '', 1692373573, 0, 1), (2, 'Sabadell 3D', 'P', NULL, NULL, 1376280030, 0, NULL, 'sabadell', 0, 'P', 1, 2, 0, 1, 0, 100000000, 100000000, 100000000, 100000000, 1000, 100, 1000, 1.00, NULL, 0, NULL, 1376280030, 0, 2), (3, 'BBVA 3D', 'P', 'B9550206800004', '45;52;5C;4C;57;23;5C;5B;71;0A;70;02;72;77;03;07;7A;1B;1A;6F,santaemi,B9550206800004,999999,234623452343,https://www.concentradoramf.com/rep/llegada.php,https://www.concentradoramf.com/rep/,https://w3.grupobbva.com/TLPV/tlpv/TLPV_pub_RecepOpModeloServidor', 1395068261, 0, NULL, 'bbva', 0, 'P', 1, 1, 0, 1, 0, 100000000, 100000000, 100000000, 100000000, 1000, 100, 1000, 1.00, NULL, 0, NULL, 1395068261, 0, 3), (4, 'Banesto 3D', 'P', NULL, NULL, 1376280030, 0, NULL, NULL, 5, 'P', 1, 3, 0, 1, 0, 100000000, 100000000, 100000000, 100000000, 1000, 100, 1000, 1.00, NULL, 0, NULL, 1376280030, 0, 4), (5, 'TransfBBVA', 'T', 'Banco Bilbao Vizcaya Argentaria<br>Titular: Caribbean On Line<br>No. de cuenta: 0182 1250 41 0201532601<br />Swift: BBVAESMM<br />Dirección: Bilbao, España. CP: 48009', NULL, 1376280030, 0, NULL, NULL, 0, 'P', 0, 1, 0, 1, 0, 100000000, 100000000, 100000000, 100000000, 1000, 100, 1000, 1.00, NULL, 0, NULL, 1376280030, 0, 5), (6, 'TransfAndorra', 'T', 'Banca Privada D Andorra<br>Oficina: Pas de la Csa (0004)<br>Titular: 475200<br>  N&uacute;mero de cuenta/IBAN: AD97 0006 4112 4776 6352<br>SWIFT: CASBADAD<br>Principat D Andorra', NULL, 1376280030, 0, NULL, NULL, 0, 'P', 0, 4, 0, 1, 0, 100000000, 100000000, 100000000, 100000000, 1000, 100, 1000, 1.00, NULL, 0, NULL, 1376280030, 0, 6), (7, 'TransfRB', 'T', 'Republik Bank Limited<br>Direcci&oacute;n: 59 Independence Square, POS, T&T<br>Titular: AMF Global Items<br>N&uacute;mero de cuenta/IBAN: CHQ-003111071442<br>SWIFT: RBNKTTPXXX<br>Payment details  FFC: eurrb0cv', NULL, 1376280030, 0, 'AMF Global Items', NULL, 0, 'P', 0, 5, 0, 1, 0, 100000000, 100000000, 100000000, 100000000, 1000, 100, 1000, 1.00, NULL, 0, NULL, 1376280030, 0, 7), (8, 'BBVA Amex', 'P', 'Pago con tarjetas Amex, B9550206800005', '45;57;5D;40;20;57;5F;2D;03;08;06;04;76;00;76;06;7D;18;6F;6F,santaemi,B9550206800005,999999,234623452343,https://www.concentradoramf.com/rep/llegada.php,https://www.concentradoramf.com/rep/,https://w3.grupobbva.com/TLPV/tlpv/TLPV_pub_RecepOpModeloServidor', 1376280030, 0, NULL, 'bbva', 0, 'P', 0, 1, 0, 1, 0, 100000000, 100000000, 100000000, 100000000, 1000, 100, 1000, 1.00, NULL, 0, NULL, 1376280030, 0, 8), (9, 'BBVA Prueba', 'R', 'Prueba, B9550206800002', '43;52;28;35;22;57;5A;28;7B;09;01;03;74;70;73;04;79;13;1C;1D,santaemi,B9550206800002,999999,234623452343,https://www.concentradoramf.com/rep/llegada.php,https://www.concentradoramf.com/rep/,https://w3.grupobbva.com/TLPV/tlpv/TLPV_pub_RecepOpModeloServidor', 1376280030, 0, NULL, 'bbva', 0, 'P', 0, 1, 0, 1, 0, 100000000, 100000000, 100000000, 100000000, 1000, 100, 1000, 1.00, NULL, 0, NULL, 1376280030, 0, 9), (10, 'Bankia1 3D', 'P', NULL, 'pasoA@firmaA', 1376280030, 0, 'Caribbean Online', 'bankia', 2, 'P', 1, 6, 0, 1, 0, 100000000, 100000000, 100000000, 100000000, 1000, 100, 1000, 1.00, NULL, 0, NULL, 1376280030, 0, 10), (11, 'BBVA 3D onL', 'P', 'Pasarela 3D del BBVA contratada por Caribbean Online, P200211700001', '41;20;5F;4D;54;55;55;5C;11;0B;07;72;73;07;03;05;02;12;68;1C', 1376280030, 0, 'Caribbean Online', 'bbva', 0, 'P', 1, 1, 0, 1, 0, 100000000, 100000000, 100000000, 100000000, 1000, 100, 1000, 1.00, NULL, 0, NULL, 1376280030, 0, 11), (12, 'Abanca 3D', 'P', 'TPV Evo', 'pasoD@firmaE', 1376280030, 1, 'Travels and Discovery', NULL, 16, 'P', 1, 7, 0, 1, 5, 10000, 20000, 200000, 150000000, 20, 40, 1000, 1.00, 1, 0, '', 1683897185, 0, 12), (13, 'Santander 3D', 'P', NULL, 'pasoF', 1376280030, 0, 'Travels and Discovery', 'santander', 5, 'P', 1, 8, 0, 1, 0, 100000000, 100000000, 100000000, 100000000, 1000, 100, 1000, 1.00, 1, 0, NULL, 1376280030, 0, 13), (14, 'BBVA3 3D', 'P', 'BBVA, B9550206800006, Travels and Discovery', '47;54;28;30;53;5D;5A;2D;72;0C;00;71;04;77;04;07;7D;6F;6E;1D', 1395068261, 0, 'Travels and Discovery', 'bbva', 0, 'P', 1, 1, 0, 1, 0, 100000000, 100000000, 100000000, 100000000, 1000, 100, 1000, 1.00, NULL, 0, NULL, 1395068261, 0, 14), (15, 'BBVA4', 'P', 'B9550206800007', '47;57;56;36;27;54;55;28;06;08;05;04;01;76;06;07;0F;1A;6E;12', 1376280030, 0, 'Travels and Discovery', 'bbva', 0, 'P', 0, 1, 0, 1, 0, 100000000, 100000000, 100000000, 100000000, 1000, 100, 1000, 1.00, NULL, 0, NULL, 1376280030, 0, 15), (16, 'BBVA4 3D', 'P', 'BBVA 3D con travelsdiscovery', NULL, 1395068261, 0, 'Travels and Discovery', 'bbva', 0, 'P', 1, 1, 0, 1, 0, 100000000, 100000000, 100000000, 100000000, 1000, 100, 1000, 1.00, NULL, 0, NULL, 1395068261, 0, 16), (17, 'BBVA9 3D', 'P', 'B9550206800009', '41;52;5E;42;20;50;5D;2D;72;00;70;06;06;06;00;70;7C;1A;6C;13', 1376280030, 0, 'Travels and Discovery', 'bbva', 0, 'P', 1, 1, 0, 1, 0, 100000000, 100000000, 100000000, 100000000, 1000, 100, 1000, 1.00, NULL, 0, NULL, 1376280030, 0, 17), (18, 'BBVA10 3D', 'P', 'B9550206800010', '44;50;2A;43;53;55;5E;28;76;08;77;70;71;0A;01;72;0D;18;19;68', 1376280030, 0, 'Travels and Discovery', 'bbva', 0, 'P', 1, 1, 0, 1, 0, 100000000, 100000000, 100000000, 100000000, 1000, 100, 1000, 1.00, NULL, 0, NULL, 1376280030, 0, 18), (19, 'Bankia2 3D', 'P', NULL, 'pasoA@firmaA', 1395068261, 0, 'Travels and Discovery', 'bankia', 0, 'P', 1, 6, 0, 1, 0, 100000000, 100000000, 100000000, 100000000, 1000, 100, 1000, 1.00, NULL, 0, NULL, 1395068261, 0, 19), (20, 'CX', 'P', NULL, 'pasoA@firmaX', 1376280030, 0, 'Travels and Discovery', 'caixa', 2, 'P', 0, 9, 1, 1, 0, 5000, 1000000, 100000000, 100000000, 3, 4, 1000, 1.00, 1, 0, NULL, 1376280030, 0, 20), (21, 'CX 3D', 'P', '', 'pasoA@firmaX', 1376280030, 0, 'Travels and Discovery', 'caixa', 2, 'P', 1, 9, 1, 1, 5, 5000, 100000000, 100000000, 100000000, 1000, 100, 1000, 1.00, 1, 0, NULL, 1376280030, 0, 21), (22, 'BBVA11 3D', 'P', 'B9550206800011 CARIBEANTRAVELWEB', 'pasoA@firmaA', 1379512007, 0, 'CARIBEANTRAVELWEB', 'bbva', 0, 'P', 1, 1, 0, 1, 0, 100000000, 100000000, 100000000, 100000000, 1000, 100, 1000, 1.00, NULL, 0, NULL, 1379512007, 0, 22), (23, 'Bankia3 3D DCC', 'P', 'DCC', 'pasoA@firmaX', 1393623214, 0, 'Caribeantravelweb', NULL, 17, 'P', 1, 6, 0, 1, 0, 9500, 100000000, 100000000, 100000000, 6, 100, 1000, 1.00, 2, 0, '', 1623087189, 0, 23), (24, 'CXp 3D', 'P', 'g4fhcw8t', 'pasoE@firmaC', 1414502787, 0, 'Caribeantravelweb', NULL, 9, 'P', 1, 9, 1, 1, 0, 100000000, 100000000, 100000000, 100000000, 1000, 100, 1000, 1.00, 2, 0, NULL, 1414502787, 0, 24), (25, 'BBVA12 3D', 'P', NULL, 'pasoA@firmaA', 1395068261, 0, 'CARIBEANTRAVELWEB', NULL, 0, 'P', 1, 1, 0, 1, 0, 100000000, 100000000, 100000000, 100000000, 1000, 100, 1000, 1.00, NULL, 0, NULL, 1395068261, 0, 25), (26, 'BBVA13 3D', 'P', NULL, 'pasoA@firmaA', 1395068261, 0, 'Travels and Discovery', NULL, 0, 'P', 1, 1, 0, 1, 0, 100000000, 100000000, 100000000, 100000000, 1000, 100, 1000, 1.00, NULL, 0, NULL, 1395068261, 0, 26), (27, 'BBVA14 3D', 'P', NULL, 'pasoA@firmaA', 1395068261, 0, 'Travels and Discovery', NULL, 0, 'P', 1, 1, 0, 1, 0, 100000000, 100000000, 100000000, 100000000, 1000, 100, 1000, 1.00, NULL, 0, NULL, 1395068261, 0, 27), (28, 'BBVA15 3D', 'P', NULL, 'pasoA@firmaA', 1395068261, 0, 'CARIBBEAN ON LINE AMEX', NULL, 0, 'P', 1, 1, 0, 1, 0, 100000000, 100000000, 100000000, 100000000, 1000, 100, 1000, 1.00, NULL, 0, NULL, 1395068261, 0, 28), (29, 'Sabadell Plus 3D DCC', 'P', '', 'pasoA@firmaX', 1398193883, 0, 'Caribeantravelweb', NULL, 17, 'P', 1, 2, 0, 1, 0, 10000, 100000000, 600000, 100000000, 15, 100, 60, 1.00, 2, 0, '', 1621893135, 0, 29), (30, 'La Caixa', 'P', NULL, 'pasoA@firmaX', 1414502787, 0, 'CARIBEANTRAVELWEB', NULL, 3, 'D', 0, 10, 0, 1, 0, 100000000, 100000000, 100000000, 100000000, 1000, 100, 1000, 1.00, NULL, 0, NULL, 1414502787, 0, 30), (31, 'Sabadell2 3D', 'P', '', 'pasoA@firmaX', 1401217820, 0, 'Caribeantravelweb', NULL, 17, 'P', 1, 2, 0, 1, 0, 5000, 30000, 100000000, 100000000, 1000, 100, 200, 1.00, 2, 0, '', 1621893163, 0, 31), (32, 'Bankia4 3D', 'P', '', 'pasoA@firmaX', 1401895001, 0, 'Caribeantravelweb', NULL, 17, 'P', 1, 6, 0, 1, 0, 100000000, 100000000, 100000000, 100000000, 4, 100, 1000, 1.00, 2, 0, '', 1623087284, 0, 32), (33, 'TransfStnder', 'T', 'Beneficiary: MAF SERVICIOS INTEGRALES S.L.<br>Account Number: 0049 0018 49 2913813382<br>Bank: Santander<br>Bank Address: Gran Vía n. 4 48001 Bilbao, Spain.<br>Iban: ES55 0049 0018 4929 1381 3328<br>BIC: BSCHESMM', NULL, 1401987084, 0, NULL, NULL, 0, 'P', 0, 8, 0, 1, 0, 100000000, 100000000, 100000000, 100000000, 1000, 100, 1000, 1.00, NULL, 0, NULL, 1401987084, 0, 33), (34, 'TransfSbdell', 'T', 'Beneficiary: MAF SERVICIOS INTEGRALES S.L.<br>Account Number: 0081 4206 71 0001380039<br>Bank: Sabadell<br>Bank Address: Gran Vía n. 11 48001 Bilbao, Spain.<br>Iban: ES88 0081 4206 71 0001380039<br>BIC: BSABESBB', NULL, 1401987084, 0, NULL, NULL, 0, 'P', 0, 2, 0, 1, 0, 100000000, 100000000, 100000000, 100000000, 1000, 100, 1000, 1.00, 5, 0, NULL, 1401987084, 0, 34), (35, 'TransfCxa', 'T', 'Beneficiary: MAF SERVICIOS INTEGRALES S.L.<br>Account Number: 2013 1873 70 0200156480<br>Bank: CAIXA CATALUNYA<br>Bank Address: TXORIERRI ETORBIDEA, 36, 48150 SONDIKA Spain.<br>Iban: ES37 2013 1873 70 0200156480<br>BIC/SWIFT: CESCESBBXXX', NULL, 1402326000, 0, NULL, NULL, 0, 'P', 0, 9, 0, 1, 0, 100000000, 100000000, 100000000, 100000000, 1000, 100, 1000, 1.00, NULL, 0, NULL, 1402326000, 0, 35), (36, 'CX2 3D', 'P', NULL, 'pasoA@firmaX', 1402412990, 0, 'Travels and Discovery', NULL, 2, 'P', 1, 9, 1, 1, 0, 3000, 20000, 100000000, 100000000, 1000, 100, 150, 1.00, 1, 0, NULL, 1402412990, 0, 36), (37, 'Tefpay 3D', 'P', NULL, 'pasoB@firmaB', 1414502787, 1, 'AIS Remesas Cuba', NULL, 4, 'P', 1, 33, 1, 2, 10, 3001, 100000000, 100000000, 100000000, 1000, 100, 1000, 1.00, NULL, 0, NULL, 1414502787, 0, 37), (38, 'La Caixa2 3D', 'P', NULL, 'pasoA@firmaX', 1403014019, 0, 'Travels and Discovery', NULL, 3, 'P', 1, 10, 0, 1, 0, 1, 20000, 100000000, 100000000, 4, 100, 1000, 1.00, NULL, 0, NULL, 1403014019, 0, 38), (39, 'Sipay', 'P', NULL, 'pasoH@', 1407325593, 0, 'Travels and Discovery', NULL, 6, 'P', 1, 1, 1, 1, 0, 100000000, 100000000, 100000000, 100000000, 1000, 100, 1000, 1.00, 1, 0, NULL, 1407325593, 0, 39), (40, 'Pagantis', 'P', NULL, 'pasoC@firmaB', 1408111440, 0, 'Caribeantravelweb', NULL, 7, 'P', 0, 1, 0, 1, 0, 100000000, 100000000, 100000000, 100000000, 1000, 100, 1000, 1.00, 2, 0, NULL, 1408111440, 0, 40), (41, 'Bankia5 3D', 'P', '', 'pasoA@firmaX', 1410363574, 0, 'Travels and Discovery', NULL, 17, 'P', 1, 6, 0, 1, 0, 3, 100000000, 100000000, 100000000, 20, 100, 200, 1.00, 1, 0, '', 1623087369, 0, 41), (42, 'IDirect', 'P', NULL, 'pasoA@firmaB', 1410883875, 0, 'Caribeantravelweb', NULL, 3, 'P', 1, 1, 0, 1, 0, 100000000, 100000000, 100000000, 100000000, 1000, 100, 1000, 1.00, 2, 0, NULL, 1410883875, 0, 42), (43, 'VallBank 3D', 'P', '', 'pasoA@firmaX', 1415903125, 0, 'Travels and Discovery', NULL, 3, 'P', 1, 21, 0, 3, 0, 1, 25000, 100000000, 100000000, 6, 100, 200, 1.00, 14, 0, '', 1493136223, 0, 43), (44, 'Sabadell3', 'P', '', 'pasoA@firmaX', 1417694796, 0, 'Caribeantravelweb', NULL, 17, 'P', 0, 2, 0, 1, 0, 5000, 20000, 100000000, 100000000, 6, 100, 200, 1.00, 2, 0, '', 1621893210, 0, 44), (45, 'AndBank 3D', 'P', '', 'pasoA@firmaX', 1418156068, 0, 'Travels and Discovery', NULL, 17, 'P', 1, 11, 0, 3, 0, 25000, 25000, 100000000, 100000000, 6, 100, 200, 1.00, 14, 0, '', 1679595539, 0, 45), (46, 'BancaSabadell 3D', 'P', '', 'pasoA@firmaX', 1418156068, 0, 'Travels and Discovery', NULL, 17, 'P', 1, 12, 0, 3, 0, 40000, 80000, 100000000, 100000000, 1000, 100, 1000, 1.00, 14, 0, '', 1679595619, 0, 46), (47, 'TransfAndBank', 'T', '<strong>Pagar a:</strong><br><br>Beneficiario: PUBLINET SLU<br>Banco: ANDBANK<br>No. CTA: 4124675/001.000.001<br>IBAN: AD46 OOO1 0000 4124 6750 0100<br>BIC/SWIFT: BACA AD AD<br>DIRECCION: OF.FITER I ROSELL - ANDORRA LA VELLA-ANDORRA<br>C/ Manuel Cerqueda I Escaler 6<br>ESCALDES - ENGORDANY', NULL, 1418415885, 0, 'Travels and Discovery', NULL, 0, 'P', 0, 11, 0, 3, 0, 100000000, 100000000, 100000000, 100000000, 1000, 100, 1000, 1.00, 6, 0, '', 1679597390, 0, 47), (48, 'TransfBancaSabadell', 'T', '<strong>Pagar a:</strong><br><br>Beneficiario: PUBLINET SLU<br>Banco: BANCA SABADELL D ANDORRA<br>CNo. CTA: 0008 0090 3312 0073 3811<br>IBAN: AD70 0008 0090 3312 0073 3811<br>BIC/SWIFT: BSANADADXXX BANC SABADELL D ANDORRABANCA PRIVAD<br>DIRECCION: AVINGUDA DEL FENER 7- ANDORRA LA VELLA-ANDORRA', NULL, 1418415885, 1, 'Travels and Discovery', NULL, 0, 'P', 0, 12, 0, 3, 0, 100000000, 100000000, 100000000, 100000000, 1000, 100, 1000, 1.00, 6, 0, NULL, 1418415885, 0, 48), (49, 'TransfBPA', 'T', '<strong>Pagar a:</strong><br><br>Beneficiario: PUBLINET SLU<br>Banco: BANCA PRIVADA D ANDORRA<br>CTA/IBAN: AD69 0006 0002 5212 4390 3004<br>Av. Carlemany, 119 - AD700 Escaldes-Engordany<br>ANDORRA LA VELLA-ANDORRA<br>BIC/SWIFT: CASBADAD', NULL, 1418415885, 0, 'Travels and Discovery Tours', NULL, 0, 'P', 0, 4, 0, 3, 0, 100000000, 100000000, 100000000, 100000000, 1000, 100, 1000, 1.00, 6, 0, NULL, 1418415885, 0, 49), (50, 'Ibercaja 3D', 'P', '', 'pasoD@firmaE', 1421245797, 1, 'Tropical Natur', NULL, 16, 'P', 1, 15, 0, 1, 5, 25000, 25000, 250000, 100000000, 20, 100, 1000, 1.00, 3, 0, '', 1685649217, 0, 50), (51, 'LabKutxa 3D', 'P', '', 'pasoA@firmaX', 1422548539, 1, 'Tropical Natur', NULL, 17, 'P', 1, 13, 1, 1, 0, 2500, 7000, 100000000, 100000000, 200, 100, 100, 1.00, 3, 0, '', 1623961494, 0, 51), (52, 'Bankia6', 'P', '', 'pasoA@firmaX', 1422968588, 0, 'Caribeantravelweb', NULL, 17, 'P', 0, 6, 0, 1, 0, 4500, 12000, 100000000, 100000000, 1000, 100, 1000, 1.00, 2, 0, '', 1623087428, 0, 52), (53, 'Abanca2', 'P', 'TPV Evo', 'pasoD@firmaE', 1427807251, 0, 'Travels and Discovery', NULL, 8, 'P', 0, 7, 0, 1, 0, 1, 0, 0, 0, 0, 100, 0, 1.00, 1, 1, '', 1493136357, 0, 53), (54, 'TransfIbercaja', 'T', '<strong>Pagar a:</strong><br><br>Beneficiario: BIDAIONDO S.L.<br>Banco: IBERCAJA<br> C.C.C.2085-8273-81-0330277895<br> IBAN: ES67 2085 8273 8103 3027 7895<br> BIC: CAZRES2Z<br> DIRECCION: Colon de Larreategui 18. 48001. Bilbao.  (Vizcaya)', NULL, 1429026137, 1, 'AMF Globalitems', NULL, 0, 'P', 0, 15, 0, 1, 0, 100000000, 100000000, 100000000, 100000000, 1000, 100, 1000, 1.00, 5, 0, NULL, 1429026137, 0, 54), (55, 'TransfLab Kutxa', 'T', '<p><strong>Pagar a / Pay to:</strong></p>  <p>Beneficiario / Beneficiary: BIDAIONDO S.L. <br />Banco/Bank: Laboral Kutxa <br />C.C.C. 3035 0201 23 2010017599 <br />IBAN: ES71 3035 0201 23 2010017599 <br />SWIFT: CLPEES2MXXX <br />Direccion/Address: Txori Herri Etorbidea, 28 - 48150 - Sondika (Bizkaia) <br /><br /><strong>Note:</strong> Este documento es para uso exclusivo del cliente. / This document is for customer use only.</p>', NULL, 1429026137, 1, 'Bidaiondo', NULL, 0, 'P', 0, 13, 0, 1, 0, 100000000, 100000000, 100000000, 100000000, 1000, 100, 1000, 1.00, 5, 0, '', 1634584554, 0, 55), (56, 'La Caixa3', 'P', NULL, 'pasoA@firmaX', 1433510608, 0, 'CARIBEANTRAVELWEB', NULL, 3, 'P', 0, 9, 1, 1, 0, 1, 1500000, 10000000, 100000000, 3, 100, 1000, 1.00, NULL, 0, NULL, 1433510608, 0, 56), (57, 'Paguelofacil', 'P', NULL, NULL, 1441647027, 0, NULL, NULL, 10, 'D', 0, 16, 0, 1, 0, 100000000, 100000000, 100000000, 100000000, 1000, 100, 1000, 1.00, NULL, 0, NULL, 1441647027, 0, 57), (58, 'Navarra1 3D DCC', 'P', '', 'pasoA@firmaX', 1442859817, 1, 'Tropical Natur', NULL, 17, 'P', 1, 17, 0, 1, 0, 10000, 100000000, 100000000, 100000000, 1000, 20, 1000, 1.00, 3, 0, '', 1623962428, 0, 58), (59, 'Navarra2 3D', 'P', '', 'pasoA@firmaX', 1442859817, 1, 'Tropical Natur', NULL, 17, 'P', 1, 17, 0, 1, 0, 10000, 100000000, 100000000, 100000000, 1000, 20, 1000, 1.00, 3, 0, '', 1673017978, 0, 59), (60, 'Navarra2 3D PR', 'P', '', 'pasoA@firmaX', 1445527076, 0, 'Tropical Natur', NULL, 3, 'D', 1, 17, 0, 1, 0, 1, 100000000, 100000000, 100000000, 1000, 20, 1000, 1.00, 3, 1, '', 1493136284, 0, 60), (61, 'CX SL', 'P', NULL, 'pasoA@firmaX', 1376280030, 0, 'Travels and Discovery', 'caixa', 2, 'P', 0, 9, 0, 1, 0, 100000, 1000000, 100000000, 100000000, 1000, 100, 1000, 1.00, 1, 0, NULL, 1376280030, 0, 61), (62, 'TransfCaixaGeral', 'T', '<strong>Pagar a:</strong><br><br>Beneficiario: BIDAIONDO S.L.<br>Banco: Caixa Geral<br>C.C.C . 0130 0060 37 0150329482<br>IBAN: ES81 0130 0060 37 0150329482<br>SWIFT: CGDIESMM<br>DIRECCION: Gran Vía no. 61 · 48011 Bilbao', NULL, 1466431591, 1, 'TropicalNatur', NULL, 0, 'P', 0, 18, 0, 1, 0, 100000000, 100000000, 100000000, 100000000, 1000, 100, 1000, 1.00, 5, 0, NULL, 1466431591, 0, 62), (63, 'CaixaGeral 3D', 'P', '', 'pasoA@firmaX', 1466431591, 0, 'TropicalNatur', NULL, 17, 'P', 1, 18, 0, 1, 0, 1, 100000000, 100000000, 100000000, 1000, 100, 1000, 1.00, 3, 0, '', 1584455446, 0, 63), (64, 'WDCP 3D', 'P', '', 'pasoI@firmaD', 1468525771, 0, 'Caribeantravelweb', NULL, 11, 'P', 1, 19, 0, 1, 0, 1, 1, 100000000, 100000000, 1000, 100, 1000, 1.00, 2, 0, '', 1623963307, 0, 64), (65, 'TransfCreditBank', 'T', '<strong>Pagar a:</strong><br><br>Beneficiario: PUBLINET S.L.U.<br>Banco: CREDIT ANDORRA<br>No. CTA: 0003 1101 1195 3071 0101<br>IBAN: AD32 0003 1101 1195 3071 0101<br>BIC/SWIFT: CRDAADAD<br>DIRECCION: Av. Meritxell, 80 AD500 Andorra La Vella', NULL, 1470229360, 0, 'Publinet', NULL, 0, 'P', 0, 20, 0, 3, 0, 100000000, 100000000, 100000000, 100000000, 1000, 100, 1000, 1.00, 6, 0, NULL, 1470229360, 0, 65), (66, 'TransfVallBank', 'T', '<strong>Pagar a:</strong><br><br>Beneficiario: PUBLINET S.L.U.<br>Banco: VALL BANK<br>OFICINA: Escaldes-Engordany (0002)<br>No. CTA: 0025 0002 5212 4390 3004<br>IBAN: AD79 0025 0002 5212 4390 3004<br>BIC/SWIFT: VALBADAD<br>DIRECCION: Avinguda Carlemany n.119. AD700, Escaldes-Engordany', NULL, 1470325949, 0, 'Publinet', NULL, 0, 'P', 0, 21, 0, 1, 0, 100000000, 100000000, 100000000, 100000000, 1000, 100, 1000, 1.00, 5, 0, '', 1679597553, 0, 66), (67, 'BancaMarch 3D', 'P', '', 'pasoA@firmaX', 1479222638, 1, 'TropicalNatur', NULL, 17, 'P', 1, 22, 0, 1, 5, 9500, 15000, 100000000, 100000000, 1000, 100, 1000, 1.00, 3, 0, '', 1703016766, 0, 67), (68, 'Abanca3', 'P', 'TPV Evo', 'pasoD@firmaE', 1479503854, 1, 'Travels and Discovery', NULL, 16, 'P', 0, 7, 0, 1, 0, 4500, 120000, 120000, 100000000, 1000, 100, 1000, 1.00, 1, 0, '', 1683897672, 0, 68), (69, 'TransfBancaMarch', 'T', '<strong>Pagar a:</strong><br><br>Beneficiario: Bidaiondo S.L.<br>Banco: BANCA MARCH - ENTIDAD 0061<br>OFICINA: 0390<br>No. CTA: 0061 0390 0100 0490 0114<br>IBAN: ES38 0061 0390 0100 0490 0114<br>BIC/SWIFT: BMARES2M<br>DIRECCION: Marqu&eacute;s del Puerto, 3, 48009 Bilbao', NULL, 1480432999, 1, 'Bidaiondo', NULL, 0, 'P', 0, 22, 0, 1, 0, 100000000, 100000000, 100000000, 100000000, 1000, 100, 1000, 1.00, 5, 0, NULL, 1480432999, 0, 69), (70, 'TransfIngDirect', 'T', '<strong>Pagar a:</strong><br><br>Beneficiario: BIDAIONDO SL<br>Banco: ING DIRECT-NV Bilbao<br>CNo. CTA: 1465 0390 1319 0025 2957<br>IBAN: ES03 1465 0390 1319 0025 2957<br>BIC/SWIFT: INGDESMMXXX<br>DIRECCION: Calle Alameda de Mazarredo 7, 48009 Bilbao. (VIZCAYA)', NULL, 1484060376, 0, 'Bidaiondo', NULL, 0, 'P', 0, 14, 0, 1, 0, 100000000, 100000000, 100000000, 100000000, 1000, 100, 1000, 1.00, 4, 0, '', 1679597606, 0, 70), (71, 'Navarrap', 'P', '', 'pasoO@firmaF', 1489007335, 1, 'Tropicalnatur', NULL, 21, 'P', 1, 17, 0, 1, 0, 9500, 100000000, 100000000, 100000000, 100, 100, 1000, 1.00, 3, 0, '', 1670864050, 0, 71), (72, 'Navarrap 3D', 'P', '', 'pasoO@firmaF', 1489007335, 1, 'Tropicalnatur', NULL, 21, 'P', 1, 17, 0, 1, 0, 10000, 100000000, 100000000, 100000000, 100, 100, 1000, 1.00, 3, 0, '', 1673017308, 0, 72), (73, 'Triodos 3D', 'P', '', 'pasoA@firmaX', 1490789253, 1, 'Tropicalnatur', NULL, 17, 'P', 1, 23, 0, 1, 0, 2000, 100000000, 100000000, 100000000, 100, 100, 1000, 1.00, 3, 0, '', 1673973941, 0, 73), (74, 'TransfTriodos', 'T', '<strong>Pagar a:</strong><br><br>Beneficiario: BIDAIONDO SL<br>Banco: Triodos Bank<br>No. CTA: 1491 0001 2330 0007 9535<br>IBAN: ES92 1491 0001 2330 0007 9535<br>BIC/SWIFT: TRIOESMMXXX<br>DIRECCION: C/ Lersundi 18 48009 Bilbao (Bizkaia) (VIZCAYA)', NULL, 1497298266, 1, 'Bidaiondo', NULL, 0, 'P', 0, 23, 0, 1, 0, 100000000, 100000000, 100000000, 100000000, 100, 100, 500, 1.00, NULL, 0, NULL, 1497298266, 0, 74), (75, 'SabadellTef', 'P', '', 'pasoK@firmaB', 1579791101, 0, 'Caribeantravelweb', NULL, 13, 'P', 0, 2, 1, 1, 0, 9500, 20000, 100000000, 100000000, 100, 100, 500, 1.00, 2, 0, '', 1621893268, 0, 75), (76, 'AbancaTef', 'P', '', 'pasoK@firmaB', 1504623267, 0, 'Travels and Discovery', NULL, 13, 'P', 0, 9, 1, 1, 0, 1, 20000, 100000000, 100000000, 100, 100, 500, 1.00, 1, 0, '', 1679595515, 0, 76), (77, 'BankiaTef', 'P', '', 'pasoK@firmaB', 1507726151, 0, 'Caribeantravelweb', NULL, 13, 'P', 0, 6, 1, 1, 0, 4500, 20000, 100000000, 100000000, 100, 100, 500, 1.00, 2, 0, '', 1623087484, 0, 77), (78, 'TransfBPE', 'T', '<strong>Pagar a:</strong><br><br>Beneficiario: BIDAIONDO SL<br>Banco: BANCO POPULAR ESPA&Ntilde;OL<br>No. CUENTA: 0075 1905 06 0606145862<br>IBAN: ES64 0075 1905 06 0606145862<br>BIC/ SWIFT: POPUESMM<br>DIRECCION: Plaza del Ensanche, 1, 48009 Bilbao (Bizkaia)', NULL, 1509027908, 0, 'Bidaiondo', NULL, 0, 'P', 0, 24, 0, 1, 0, 1, 100000000, 100000000, 100000000, 100, 100, 500, 1.00, 5, 0, '', 1554741336, 0, 78), (79, 'WDCP', 'P', '', 'pasoI@firmaD', 1468525771, 0, 'Caribeantravelweb', NULL, 11, 'P', 0, 19, 0, 1, 0, 1, 1, 100000000, 100000000, 1000, 100, 1000, 1.00, 2, 0, '', 1623963280, 0, 79), (80, 'Ibercaja 3D VIAZUL', 'P', '', 'pasoD@firmaE', 1421245797, 1, 'Tropical Natur', NULL, 16, 'P', 1, 15, 0, 1, 0, 9500, 25000, 250000, 100000000, 20, 100, 1000, 1.00, 3, 0, '', 1649428749, 0, 80), (81, 'SabadellTef 3D', 'P', '', 'pasoK@firmaB', 1501504304, 0, 'Caribeantravelweb', NULL, 13, 'P', 1, 2, 1, 1, 0, 9500, 20000, 100000000, 100000000, 100, 100, 500, 1.00, 2, 0, '', 1621893278, 0, 81), (82, 'IberoTef', 'P', '', 'pasoK@firmaB', 1516203217, 0, 'Iberotravels', NULL, 13, 'P', 0, 32, 1, 4, 0, 1, 20000, 100000000, 100000000, 100, 100, 500, 1.00, 8, 0, '', 1559331337, 0, 82), (83, 'IberoTef 3D', 'P', '', 'pasoK@firmaB', 1516628414, 0, 'Iberotravels', NULL, 13, 'P', 1, 32, 1, 4, 0, 1, 20000, 100000000, 100000000, 100, 100, 500, 1.00, 8, 0, '', 1559331361, 0, 83), (84, 'BancaSabadell virt', 'P', '', 'pasoA@firmaX', 1418156068, 0, 'Travels and Discovery', NULL, 17, 'P', 0, 12, 0, 3, 0, 9500, 20000, 100000000, 100000000, 1000, 100, 1000, 1.00, 14, 0, '', 1679595953, 0, 46), (85, 'AndBank virt', 'P', '', 'pasoA@firmaX', 1418156068, 0, 'Travels and Discovery', NULL, 17, 'P', 0, 11, 0, 3, 0, 9500, 25000, 100000000, 100000000, 6, 100, 200, 1.00, 14, 0, '', 1679595581, 0, 45), (86, 'CaixaGeral Virt', 'P', '', 'pasoA@firmaX', 1466431591, 0, 'TropicalNatur', NULL, 17, 'P', 0, 18, 0, 1, 1, 1, 100000000, 100000000, 100000000, 1000, 100, 1000, 1.00, 3, 0, '', 1584391665, 0, 63), (87, 'Sabadell2 Virt', 'P', '', 'pasoA@firmaX', 1526586622, 0, 'Caribeantravelweb', NULL, 17, 'P', 0, 2, 0, 1, 0, 1, 30000, 100000000, 100000000, 1000, 100, 200, 1.00, 2, 0, '', 1621893198, 0, 31), (88, 'Bankia4', 'P', '', 'pasoA@firmaX', 1526586622, 0, 'Caribeantravelweb', NULL, 17, 'P', 0, 6, 0, 1, 0, 3, 3, 100000000, 100000000, 2, 100, 12, 1.00, 2, 0, '', 1623087263, 0, 88), (89, 'IberoTef2', 'P', '', 'pasoK@firmaB', 1527598925, 0, 'Iberotravels', NULL, 13, 'P', 0, 32, 1, 4, 0, 9500, 20000, 100000000, 100000000, 100, 100, 500, 1.00, 8, 0, '', 1623087796, 0, 89), (90, 'IberoTef2 3D', 'P', '', 'pasoK@firmaB', 1527598925, 0, 'Iberotravels', NULL, 13, 'P', 1, 32, 1, 4, 0, 9500, 20000, 100000000, 100000000, 100, 100, 500, 1.00, 8, 0, '', 1623087817, 0, 90), (91, 'Titanes 3D', 'P', '', 'pasoA@firmaX', 1528123679, 1, 'Maf Servicios Integrales', NULL, 3, 'P', 1, 33, 0, 2, 0, 10000, 100000000, 100000000, 100000000, 1000, 20, 1000, 1.00, 5, 0, '', 1531757840, 0, 91), (92, 'Xilema1 3D', 'P', '', 'pasoL@firmaA', 1530638309, 0, NULL, NULL, 14, 'P', 1, 31, 0, 1, 0, 9500, 100000000, 100000000, 100000000, 100, 100, 1000, 1.00, 2, 0, '', 1623087619, 0, 92), (93, 'Navarra Amex 3D', 'P', '', 'pasoA@firmaX', 1531937583, 1, 'Tropicalnatur', NULL, 17, 'P', 1, 17, 0, 1, 0, 9500, 100000000, 100000000, 100000000, 100, 100, 500, 1.00, 3, 0, '', 1623961633, 1, 93), (94, 'Xilema1', 'P', '', 'pasoL@firmaA', 1530638309, 0, NULL, NULL, 14, 'P', 0, 31, 0, 1, 0, 9500, 100000000, 100000000, 100000000, 100, 100, 1000, 1.00, 2, 0, '', 1623087603, 0, 94), (95, 'IngCaribean', 'P', '', 'pasoA@firmaB', 1537283644, 0, 'ING', NULL, 15, 'D', 1, 14, 0, 4, 0, 1000, 20000, 100000000, 100000000, 100, 100, 500, 1.00, 8, 0, '', 1679597141, 0, 95), (97, 'LabKutxa virt', 'P', '', 'pasoA@firmaX', 1539374297, 1, 'Tropical Natur', NULL, 17, 'P', 0, 13, 1, 1, 0, 2500, 7000, 100000000, 100000000, 200, 100, 100, 1.00, 3, 0, '', 1623961628, 0, 51), (98, 'Abanca3 SOLWAYS', 'P', 'TPV Evo', 'pasoD@firmaE', 1539377692, 0, 'Travels and Discovery', NULL, 16, 'P', 1, 7, 0, 1, 0, 1, 120000, 120000, 100000000, 1000, 100, 1000, 1.00, 1, 0, '', 1683228309, 0, 98), (99, 'BancaMarch Virt', 'P', '', 'pasoA@firmaX', 1539377692, 1, 'TropicalNatur', NULL, 17, 'P', 0, 22, 0, 1, 5, 9500, 15000, 100000000, 100000000, 1000, 100, 1000, 1.00, 3, 0, '', 1696618348, 0, 67), (100, 'Bankia3 Virt', 'P', 'DCC', 'pasoA@firmaX', 1539377692, 0, 'Caribeantravelweb', NULL, 17, 'P', 0, 6, 0, 1, 0, 1, 100000000, 100000000, 100000000, 6, 100, 1000, 1.00, 2, 0, '', 1623087242, 0, 23), (101, 'Sabadell Plus Virt', 'P', '', 'pasoA@firmaX', 1539377692, 0, 'Caribeantravelweb', NULL, 17, 'P', 0, 2, 0, 1, 0, 10000, 100000000, 600000, 100000000, 15, 100, 60, 1.00, 2, 0, '', 1621893151, 0, 29), (102, 'Bankia5 Virt', 'P', '', 'pasoA@firmaX', 1542312750, 0, 'Travels and Discovery', NULL, 17, 'P', 0, 6, 0, 1, 0, 4500, 50000, 100000000, 100000000, 20, 100, 200, 1.00, 1, 0, '', 1623087391, 0, 41), (103, 'Bankia Tef virt', 'P', '', 'pasoK@firmaB', 1542826788, 0, 'Caribeantravelweb', NULL, 13, 'P', 0, 6, 1, 1, 1, 1, 20000, 100000000, 100000000, 100, 100, 500, 1.00, 2, 0, '', 1623087171, 0, 77), (104, 'SabadellTef Virt', 'P', '', 'pasoK@firmaB', 1542826891, 0, 'Caribeantravelweb', NULL, 13, 'P', 0, 2, 1, 1, 0, 9500, 20000, 100000000, 100000000, 100, 100, 500, 1.00, 2, 0, '', 1621893357, 0, 81), (105, 'Xilema1 Virt', 'P', '', 'pasoL@firmaA', 1542826891, 0, NULL, NULL, 14, 'P', 0, 31, 0, 1, 0, 1, 100000000, 100000000, 100000000, 100, 100, 1000, 1.00, 2, 0, '', 1623087750, 0, 92), (106, 'Triodos Virt', 'P', '', 'pasoA@firmaX', 1543414228, 1, 'Tropicalnatur', NULL, 17, 'P', 0, 23, 0, 1, 0, 9500, 100000000, 100000000, 100000000, 100, 100, 1000, 1.00, 3, 0, '', 1623963416, 0, 73), (108, 'Sabadell3 Virt', 'P', '', 'pasoA@firmaX', 1543414228, 0, 'Caribeantravelweb', NULL, 17, 'P', 0, 2, 0, 1, 0, 5000, 12000, 100000000, 100000000, 6, 100, 200, 1.00, 2, 0, '', 1621893254, 0, 44), (109, 'TransfBankinter', 'T', '<strong>Pagar a:</strong><br><br>Beneficiario: Bidaiondo SL<br>Banco: Bankinter<br>No. CTA: 0128 0300 2101 0017 3212<br>IBAN: ES95 0128 0300 2101 0017 3212<br>BIC/SWIFT: BKBKESMM<br>DIRECCION: Plaza Pedro Eguillor, 1, 48008 Bilbao, Bizkaia', NULL, 1543851086, 1, 'Travels and Discovery', NULL, 0, 'P', 0, 30, 0, 1, 0, 100000000, 100000000, 100000000, 100000000, 1000, 100, 1000, 1.00, 6, 0, '', 1552486124, 0, 109), (110, 'Navarra B2B 3D', 'P', '', 'pasoA@firmaX', 1545157824, 0, 'Tropical Natur', NULL, 3, 'P', 1, 17, 0, 1, 0, 10000, 100000000, 100000000, 100000000, 1000, 20, 1000, 1.00, 3, 0, '', 1546978516, 0, 110), (111, 'Abanca B2B Virt', 'P', 'TPV Evo', 'pasoD@firmaE', 1548249547, 1, 'Travels and Discovery', NULL, 16, 'P', 0, 7, 0, 1, 0, 9500, 100000000, 100000000, 100000000, 1000, 40, 1000, 1.00, 1, 0, '', 1699987168, 0, 111), (112, 'prueba 3D', 'P', '', 'pasoA@firmaX', 1410363574, 1, 'Travels and Discovery', NULL, 22, 'P', 1, 6, 0, 1, 0, 5000, 30000, 100000000, 100000000, 20, 100, 200, 1.00, 9, 0, '', 1547570122, 0, 41), (113, 'Navarra B2B', 'P', '', 'pasoA@firmaX', 1545157824, 1, 'Tropical Natur', NULL, 17, 'P', 0, 17, 0, 1, 0, 9500, 100000000, 100000000, 100000000, 1000, 20, 1000, 1.00, 3, 0, '', 1647284735, 0, 110), (114, 'TransfCaja Ingenieros', 'T', '<strong>Pagar a:</strong><br><br>Beneficiario: BIDAIONDO S.L.<br>Bank: Caja Ingenieros<br>Bank Address: OFICINA 21 C/ ALAMEDA DE REKALDE No.2, BILBAO 48009. Spain.<br>Iban: ES62 3025 0021 4814 0000 5669<br>BIC/SWIFT: CDENESBBXXX', NULL, 1564684687, 1, 'Bidaiondo', NULL, 0, 'P', 0, 34, 0, 1, 0, 100000000, 100000000, 100000000, 100000000, 100, 100, 1000, 1.00, NULL, 0, NULL, 1564684687, 0, 114), (115, 'Papam 3D', 'P', '', 'pasoM@firmaF', 1564492651, 0, 'Caribeantravelweb', NULL, 18, 'P', 1, 35, 0, 1, 0, 10000, 10000, 100000000, 100000000, 10, 100, 100, 1.00, 2, 0, '', 1694707028, 0, 115), (116, 'Ingeniero 3D', 'P', '', 'pasoA@firmaX', 1568910726, 1, 'Bidaiondo', NULL, 17, 'P', 1, 34, 0, 1, 0, 20000, 50000, 100000000, 100000000, 20, 100, 20, 1.00, 3, 0, '', 1675200904, 0, 116), (117, 'Papam virt', 'P', '', 'pasoM@firmaF', 1564492651, 0, 'Caribeantravelweb', NULL, 18, 'P', 0, 35, 0, 1, 0, 1, 1, 100000000, 100000000, 10, 100, 100, 1.00, 2, 0, '', 1694707046, 0, 115), (118, 'Ingeniero virt', 'P', '', 'pasoA@firmaX', 1568910726, 1, 'Bidaiondo', NULL, 17, 'P', 0, 34, 0, 1, 0, 9500, 50000, 100000000, 100000000, 20, 100, 20, 1.00, 3, 0, '', 1696451808, 0, 116), (119, 'TriodoCsc 3D', 'P', '', 'pasoA@firmaX', 1572959012, 1, 'Bidaiondo', NULL, 17, 'P', 1, 23, 0, 1, 0, 9500, 100000000, 100000000, 100000000, 20, 100, 20, 1.00, 10, 0, '', 1701702799, 0, 119), (120, 'IngCsc 3D', 'P', '', 'pasoA@firmaX', 1573585693, 1, 'Bidaiondo', NULL, 17, 'P', 1, 34, 0, 1, 0, 20000, 20000, 100000000, 100000000, 20, 100, 20, 1.00, 10, 0, '', 1701702754, 0, 120), (121, 'Sabadell2 3D Bizum', 'P', '', 'pasoA@firmaX', 1579556650, 0, 'Caribeantravelweb', NULL, 17, 'P', 1, 2, 0, 1, 0, 5000, 30000, 100000000, 100000000, 1000, 100, 200, 1.00, 2, 0, '', 1621893175, 0, 31), (122, 'Navarra2 3D Discover', 'P', '', 'pasoA@firmaX', 1579556777, 1, 'Tropical Natur', NULL, 17, 'P', 1, 17, 0, 1, 0, 10000, 100000000, 100000000, 100000000, 1000, 20, 1000, 1.00, 3, 0, '', 1701182367, 0, 59), (123, 'Bankia3 3D DCC SMC', 'P', 'DCC', 'pasoA@firmaX', 1579791101, 0, 'Caribeantravelweb', NULL, 17, 'P', 1, 6, 0, 1, 0, 4500, 4500, 90000, 1080000, 6, 100, 1000, 1.00, 2, 0, '', 1623087214, 0, 123), (124, 'Sabadell3 SMC', 'P', '', 'pasoA@firmaX', 1579791101, 0, 'Caribeantravelweb', NULL, 17, 'P', 0, 2, 0, 1, 0, 3000, 6000, 100000000, 100000000, 6, 100, 2, 1.00, 2, 0, '', 1621893222, 0, 124), (125, 'AndBank 3D SMC', 'P', '', 'pasoA@firmaX', 1579791101, 0, 'Travels and Discovery', NULL, 17, 'P', 1, 11, 0, 3, 0, 4500, 4500, 90000, 1080000, 6, 100, 2, 1.00, 14, 0, '', 1679595567, 0, 125), (126, 'BancaSabadell 3D SMC', 'P', '', 'pasoA@firmaX', 1579791101, 0, 'Travels and Discovery', NULL, 17, 'P', 1, 12, 0, 3, 0, 4500, 4500, 90000, 1080000, 1000, 100, 4, 1.00, 14, 0, '', 1679595638, 0, 126), (127, 'LabKutxa 3D SMC', 'P', '', 'pasoA@firmaX', 1579791101, 1, 'Tropical Natur', NULL, 17, 'P', 1, 13, 1, 1, 0, 2500, 2500, 100000000, 100000000, 200, 100, 100, 1.00, 3, 0, '', 1623961617, 0, 127), (128, 'Navarra1 3D DCC SMC', 'P', '', 'pasoA@firmaX', 1579791101, 1, 'Tropical Natur', NULL, 17, 'P', 1, 17, 0, 1, 0, 4500, 4500, 100000000, 100000000, 1000, 20, 1000, 1.00, 3, 0, '', 1623962457, 0, 128), (129, 'Abanca3 SMC', 'P', 'TPV Evo', 'pasoD@firmaE', 1579791101, 0, 'Travels and Discovery', NULL, 16, 'P', 0, 7, 0, 1, 0, 4500, 6000, 120000, 100000000, 1000, 100, 2, 1.00, 1, 0, '', 1680026368, 0, 129), (130, 'Navarrap SMC', 'P', 'vmnk12pt', 'pasoJ@firmaC', 1579791101, 1, 'Tropicalnatur', NULL, 21, 'P', 1, 17, 0, 1, 0, 3000, 6000, 100000000, 100000000, 100, 100, 4, 1.00, 3, 0, '', 1670864180, 0, 130), (131, 'Triodos 3D SMC', 'P', '', 'pasoA@firmaX', 1579791101, 1, 'Tropicalnatur', NULL, 17, 'P', 1, 23, 0, 1, 0, 4500, 4500, 100000000, 100000000, 100, 100, 1000, 1.00, 3, 0, '', 1623963407, 0, 131), (132, 'SabadellTef SMC', 'P', '', 'pasoK@firmaB', 1579791101, 0, 'Caribeantravelweb', NULL, 13, 'P', 0, 2, 1, 1, 0, 3000, 6000, 100000000, 100000000, 100, 100, 2, 1.00, 2, 0, '', 1621893325, 0, 132), (133, 'BankiaTef SMC', 'P', '', 'pasoK@firmaB', 1579791101, 0, 'Caribeantravelweb', NULL, 13, 'P', 0, 6, 1, 1, 0, 3000, 6000, 120000, 100000000, 100, 100, 2, 1.00, 2, 0, '', 1623087525, 0, 133), (134, 'Xilema1 3D SMC', 'P', '', 'pasoL@firmaA', 1579791101, 0, NULL, NULL, 14, 'P', 1, 31, 0, 1, 0, 1, 4500, 100000000, 100000000, 100, 100, 1000, 1.00, 2, 0, '', 1623087634, 0, 134), (135, 'Xilema1 SMC', 'P', '', 'pasoL@firmaA', 1579791101, 0, NULL, NULL, 14, 'P', 0, 31, 0, 1, 0, 3000, 6000, 100000000, 100000000, 100, 100, 1, 1.00, 2, 0, '', 1623087663, 0, 135), (136, 'Sabadell IT 3D', 'P', '', 'pasoA@firmaX', 1580395583, 0, 'Iberotravels', NULL, 17, 'P', 1, 2, 0, 4, 0, 5000, 20000, 100000000, 100000000, 100, 100, 500, 1.00, 8, 0, '', 1621893081, 0, 136), (137, 'Ibercaja CSC 3D', 'P', '', 'pasoD@firmaE', 1582115744, 1, 'Cuba Shopping Center', NULL, 16, 'P', 1, 15, 0, 1, 0, 9500, 25000, 250000, 100000000, 20, 100, 1000, 1.00, 10, 0, '', 1701702736, 0, 137), (138, 'Abanca 3D SMC', 'P', 'TPV Evo', 'pasoD@firmaE', 1376280030, 1, 'Travels and Discovery', '', 16, 'P', 1, 7, 0, 1, 5, 4500, 20000, 200000, 150000000, 20, 40, 1000, 1.00, 1, 0, '', 1670863541, 0, 12), (139, 'Ibercaja 3D SMC', 'P', '', 'pasoD@firmaE', 1421245797, 1, 'Tropical Natur', '', 16, 'P', 1, 15, 0, 1, 5, 4500, 25000, 250000, 100000000, 20, 100, 1000, 1.00, 3, 0, '', 1649428709, 0, 50), (140, 'Navarra2 3D SMC', 'P', '', 'pasoA@firmaX', 1442859817, 1, 'Tropical Natur', '', 17, 'P', 1, 17, 0, 1, 0, 4500, 100000000, 100000000, 100000000, 1000, 20, 1000, 1.00, 3, 0, '', 1623962574, 0, 59), (141, 'Navarrap 3D SMC', 'P', 'vmnk12pt', 'pasoJ@firmaC', 1489007335, 1, 'Tropicalnatur', '', 12, 'P', 1, 17, 0, 1, 0, 4500, 100000000, 100000000, 100000000, 100, 100, 1000, 1.00, 3, 0, '', 1670864129, 0, 72), (142, 'Sabadell2 3D SMC', 'P', '', 'pasoA@firmaX', 1401217820, 0, 'Caribeantravelweb', '', 17, 'P', 1, 2, 0, 1, 0, 4500, 30000, 100000000, 100000000, 1000, 100, 200, 1.00, 2, 0, '', 1621893187, 0, 31), (143, 'SabadellTef 3D SMC', 'P', '', 'pasoK@firmaB', 1501504304, 0, 'Caribeantravelweb', '', 13, 'P', 1, 2, 1, 1, 0, 4500, 20000, 100000000, 100000000, 100, 100, 500, 1.00, 2, 0, '', 1621893290, 0, 81), (144, 'AbancaTN 3D', 'P', 'TPV Evo', 'pasoD@firmaE', 1584619983, 1, 'Travels and Discovery', '', 16, 'P', 1, 7, 0, 1, 5, 4500, 20000, 200000, 150000000, 20, 40, 1000, 1.00, 3, 0, '', 1683897993, 0, 144), (145, 'AbancaIT 3D', 'P', '', 'pasoD@firmaE', 1589977534, 1, 'Bidaitravel', NULL, 16, 'P', 1, 7, 0, 4, 0, 100000000, 100000000, 100000000, 100000000, 1000, 40, 1000, 1.00, 8, 0, '', 1683897757, 0, 145), (146, 'AbancaIT 3D SMC', 'P', '', 'pasoD@firmaE', 1589977534, 1, 'Bidaitravel', '', 16, 'P', 1, 7, 0, 4, 0, 100000000, 100000000, 100000000, 100000000, 1000, 40, 1000, 1.00, 8, 0, '', 1683898100, 0, 145), (147, 'BankiaTef 3D', 'P', '', 'pasoK@firmaB', 1595349696, 0, 'Caribeantravelweb', NULL, 13, 'D', 1, 6, 1, 1, 0, 4500, 20000, 100000000, 100000000, 100, 100, 500, 1.00, 2, 0, '', 1623087511, 0, 77), (148, 'Sabadell AIS 3D', 'P', '', 'pasoA@firmaX', 1543414228, 0, 'AisRemesas', NULL, 17, 'D', 1, 2, 0, 2, 0, 5000, 12000, 100000000, 100000000, 6, 100, 200, 1.00, 11, 0, '', 1623086955, 0, 44), (149, 'Xilema1 3D Pre', 'P', '', 'pasoL@firmaA', 1530638309, 0, NULL, NULL, 19, 'D', 1, 31, 0, 1, 0, 9500, 100000000, 100000000, 100000000, 100, 100, 1000, 1.00, 2, 0, '', 1623087496, 0, 92), (150, 'SabadellTef 3D Pre', 'P', '', 'pasoK@firmaB', 1501504304, 0, 'Caribeantravelweb', NULL, 13, 'P', 1, 2, 1, 1, 0, 9500, 20000, 100000000, 100000000, 100, 100, 500, 1.00, 2, 0, '', 1623086913, 0, 81), (151, 'Bankinter 3D', 'P', '', 'pasoA@firmaX', 1605043429, 1, 'Caribeantravelweb', '', 17, 'P', 1, 30, 0, 1, 0, 4500, 30000, 100000000, 100000000, 1000, 100, 200, 1.00, 2, 0, '', 1637608698, 0, 151), (152, 'Transf Unicaja Banco', 'T', '<strong>Pagar a: BIDAIONDO S.L.</strong><br><br>Banco: Unicaja Banco<br>Direcci&oacute;n: SUCURSAL 2975 BILBAO. Spain.<br>Iban: ES98 2103 2975 9800 3010 1315<br>BIC/SWIFT: UCJAES2MXXX', NULL, 1605274160, 1, 'Bidaiondo', NULL, 0, 'P', 0, 36, 0, 1, 0, 100000000, 100000000, 100000000, 100000000, 100, 100, 1000, 1.00, NULL, 0, NULL, 1564684687, 0, 152), (153, 'Abanca3 TRANSTUR', 'P', 'TPV Evo', 'pasoD@firmaE', 1479503854, 0, 'Travels and Discovery', '', 16, 'P', 0, 7, 0, 1, 0, 4500, 120000, 120000, 100000000, 1000, 100, 1000, 1.00, 1, 0, '', 1680026385, 0, 68), (154, 'Bankia6 TRANSTUR', 'P', '', 'pasoA@firmaX', 1422968588, 0, 'Caribeantravelweb', '', 17, 'P', 0, 6, 0, 1, 0, 4500, 12000, 100000000, 100000000, 1000, 100, 1000, 1.00, 2, 0, '', 1623087451, 0, 52), (155, 'BankiaTef TRANSTUR', 'P', '', 'pasoK@firmaB', 1507726151, 0, 'Caribeantravelweb', '', 13, 'P', 0, 6, 1, 1, 0, 4500, 20000, 100000000, 100000000, 100, 100, 500, 1.00, 2, 0, '', 1623087538, 0, 77), (156, 'Navarrap TRANSTUR', 'P', 'vmnk12pt', 'pasoJ@firmaC', 1489007335, 1, 'Tropicalnatur', '', 21, 'P', 1, 17, 0, 1, 0, 9500, 100000000, 100000000, 100000000, 100, 100, 1000, 1.00, 3, 0, '', 1628797210, 0, 71), (157, 'Sabadell3 TRANSTUR', 'P', '', 'pasoA@firmaX', 1417694796, 0, 'Caribeantravelweb', '', 17, 'P', 0, 2, 0, 1, 0, 5000, 20000, 100000000, 100000000, 6, 100, 200, 1.00, 2, 0, '', 1621893238, 0, 44), (158, 'SabadellTef TRANSTUR', 'P', '', 'pasoK@firmaB', 1579791101, 0, 'Caribeantravelweb', '', 13, 'P', 0, 2, 1, 1, 0, 9500, 20000, 100000000, 100000000, 100, 100, 500, 1.00, 2, 0, '', 1621893343, 0, 75), (159, 'Xilema1 TRANSTUR', 'P', '', 'pasoL@firmaA', 1530638309, 0, '', '', 14, 'P', 0, 31, 0, 1, 0, 9500, 100000000, 100000000, 100000000, 100, 100, 1000, 1.00, 2, 0, '', 1623087722, 0, 94), (160, 'Navarra B2B TRANSTUR', 'P', '', 'pasoA@firmaX', 1545157824, 1, 'Tropical Natur', '', 17, 'P', 1, 17, 0, 1, 0, 9500, 100000000, 100000000, 100000000, 1000, 20, 1000, 1.00, 3, 0, '', 1623961750, 0, 110), (161, 'IberoTef2 TIENDAS', 'P', '', 'pasoK@firmaB', 1527598925, 0, 'Iberotravels', '', 13, 'P', 0, 32, 1, 4, 0, 9500, 20000, 100000000, 100000000, 100, 100, 500, 1.00, 8, 0, '', 1623087891, 0, 89), (162, 'IberoTef2 TRANSTUR', 'P', '', 'pasoK@firmaB', 1527598925, 0, 'Iberotravels', '', 13, 'P', 0, 32, 1, 4, 0, 9500, 20000, 100000000, 100000000, 100, 100, 500, 1.00, 8, 0, '', 1622726382, 0, 89), (163, 'Navarra CSC 3D', 'P', '', 'pasoA@firmaX', 1610470737, 1, 'Cubashopping Center', '', 17, 'P', 1, 17, 0, 1, 0, 9500, 100000000, 100000000, 100000000, 1000, 20, 1000, 1.00, 10, 0, '', 1701702775, 0, 163), (164, 'Abanca CSC 3D', 'P', 'TPV Evo', 'pasoD@firmaE', 1376280030, 1, 'Travels and Discovery', '', 16, 'P', 1, 7, 0, 1, 5, 4500, 20000, 200000, 150000000, 20, 40, 1000, 1.00, 10, 0, '', 1701702683, 0, 164), (165, 'BiPay', 'P', '', 'pasoN@firmaF', 1615475579, 1, 'Bidaiondo', NULL, 20, 'D', 0, 2, 1, 1, 0, 1, 100000000, 100000000, 100000000, 100, 100, 500, 1.00, 2, 0, '', 1554741336, 0, 165), (166, 'BiPay 3D', 'P', '', 'pasoN@firmaF', 1615475579, 1, 'Bidaiondo', NULL, 20, 'D', 1, 2, 1, 1, 0, 1, 100000000, 100000000, 100000000, 100, 100, 500, 1.00, 2, 0, '', 1554741336, 0, 165), (167, 'Navarra B2B SMC', 'P', '', 'pasoA@firmaX', 1545157824, 1, 'Tropical Natur', '', 17, 'P', 1, 17, 0, 1, 0, 9500, 100000000, 100000000, 100000000, 1000, 20, 1000, 1.00, 3, 0, '', 1623961656, 0, 110), (168, 'BancaSabadell CSC 3D', 'P', '', 'pasoA@firmaX', 1610470737, 1, 'Cubashopping Center', '', 17, 'P', 1, 12, 0, 3, 0, 9500, 100000000, 100000000, 100000000, 1000, 20, 1000, 1.00, 10, 0, '', 1701702704, 0, 163), (169, 'IberoTef2 SMC', 'P', '', 'pasoK@firmaB', 1527598925, 0, 'Iberotravels', '', 13, 'P', 0, 32, 1, 4, 0, 9500, 20000, 100000000, 100000000, 100, 100, 500, 1.00, 8, 0, '', 1623087874, 0, 89), (170, 'IberoTef2 3D SMC', 'P', '', 'pasoK@firmaB', 1527598925, 0, 'Iberotravels', '', 13, 'P', 1, 32, 1, 4, 0, 9500, 20000, 100000000, 100000000, 100, 100, 500, 1.00, 8, 0, '', 1623087847, 0, 90), (171, 'SabadellTef 3D WEB USD', 'P', '', 'pasoK@firmaB', 1501504304, 0, 'Caribeantravelweb', '', 13, 'P', 1, 2, 1, 1, 0, 9500, 20000, 100000000, 100000000, 100, 100, 500, 1.00, 2, 0, '', 1621893310, 0, 81), (172, 'Sabadell MB', 'P', '', 'pasoO@firmaF', 1619203318, 0, 'Cubashopping Center', '', 21, 'D', 0, 2, 0, 1, 0, 9500, 100000000, 100000000, 100000000, 1000, 20, 1000, 1.00, 10, 0, '', 1621893115, 0, 172), (175, 'Kutxabank 3D', 'P', '', 'pasoA@firmaX', 1621952426, 1, 'Caribeantravel Web', '', 17, 'P', 1, 37, 0, 1, 0, 9500, 100000000, 100000000, 100000000, 1000, 20, 1000, 1.00, 2, 0, '', 1645022942, 0, 175), (176, 'NavarraTef IT 3D', 'P', '', 'pasoKN@firmaB', 1622650865, 1, 'Iberotravels', '', 13, 'P', 1, 17, 1, 4, 0, 9500, 20000, 100000000, 100000000, 100, 100, 500, 1.00, 8, 0, '', 1670864655, 0, 176), (177, 'Transf Banco Sabadell', 'T', '<strong>Pagar a:</strong><br><br>Beneficiario: BIDAIONDO S.L.<br>Banco: Sabadell<br>Cuenta / Acount: 0081 4206 7400 0136 8945<br>Iban: ES98 0081 4206 7400 0136 8945<br>BIC/SWIFT: BSAB ESBB', NULL, 1623952616, 1, 'Bidaiondo', NULL, 0, 'P', 0, 2, 0, 1, 0, 100000000, 100000000, 100000000, 100000000, 100, 100, 1000, 1.00, NULL, 0, NULL, 1623952616, 0, 177), (178, 'Transf Kutxabank', 'T', '<strong>Pagar a:</strong><br><br>Beneficiario: BIDAIONDO S.L.<br>Banco / Bank: Kutxabank<br>Cuenta / Acount: 2095 0551 6091 2074 9376<br>Iban: ES74 2095 0551 6091 2074 9376<br>BIC/SWIFT: BASKES2BXXX<br>Direcci&oacute;n / Address: Gran Vía, 30-32, 48009, Bilbao', NULL, 1623952616, 1, 'Bidaiondo', NULL, 0, 'P', 0, 37, 0, 1, 0, 100000000, 100000000, 100000000, 100000000, 100, 100, 1000, 1.00, NULL, 0, NULL, 1623952616, 0, 178), (179, 'NavarraTef IT', 'P', '', 'pasoKN@firmaB', 1622650865, 1, 'Iberotravels', '', 13, 'P', 0, 17, 1, 4, 0, 9500, 20000, 100000000, 100000000, 100, 100, 500, 1.00, 8, 0, '', 1670359280, 0, 176), (180, 'NavarraTef IT TIENDAS', 'P', '', 'pasoKN@firmaB', 1622650865, 1, 'Iberotravels', '', 13, 'P', 0, 17, 1, 4, 0, 9500, 20000, 100000000, 100000000, 100, 100, 500, 1.00, 8, 0, '', 1670359518, 0, 176), (181, 'AndBank 3D EMCI', 'P', '', 'pasoA@firmaX', 1418156068, 0, 'Travels and Discovery', '', 17, 'P', 1, 11, 0, 3, 0, 25000, 25000, 100000000, 100000000, 6, 100, 200, 1.00, 14, 0, '', 1679595553, 0, 45), (182, 'Cajamar 3D', 'P', '', 'pasoA@firmaX', 1625776732, 1, 'Caribeantravel Web', '', 17, 'P', 1, 38, 0, 1, 0, 25000, 25000, 100000000, 100000000, 6, 100, 200, 1.00, 2, 0, '', 1630350408, 0, 182), (183, 'Stripe', 'P', NULL, 'pasoP@firmaF', 1630512220, 0, 'Caribeantravelweb', NULL, 24, 'D', 0, 39, 0, 1, 0, 100000000, 100000000, 100000000, 100000000, 100, 100, 500, 1.00, 2, 0, NULL, 1630512293, 0, 183), (184, 'Caixabank 3D', 'P', '', 'pasoA@firmaX', 1631710767, 1, 'Transmovil', '', 17, 'P', 1, 10, 0, 6, 0, 9500, 100000000, 100000000, 100000000, 1000, 20, 1000, 1.00, 12, 0, '', 1662046799, 0, 184), (185, 'Xilema PAYPAL 3D', 'P', '', 'pasoL@firmaA', 1632146862, 1, '', '', 14, 'P', 1, 31, 0, 1, 0, 9500, 100000000, 100000000, 100000000, 100, 100, 1000, 1.00, 2, 0, '', 1698695755, 0, 185), (186, 'Kutxabank IT 3D', 'P', '', 'pasoA@firmaX', 1632756812, 1, 'Bidaitravel', '', 17, 'P', 1, 37, 0, 4, 0, 25000, 25000, 100000000, 100000000, 6, 100, 200, 1.00, 8, 0, '', 1674685376, 0, 186), (187, 'Stripe 3D', 'P', '', 'pasoP@firmaF', 1630512220, 0, 'Caribeantravelweb', '', 24, 'P', 1, 39, 0, 1, 0, 100000000, 100000000, 100000000, 100000000, 100, 100, 500, 1.00, 2, 0, '', 1644935852, 0, 183), (188, 'BMarchTocopay 3D', 'P', '', 'pasoA@firmaX', 1633523233, 1, 'Tocopay', '', 17, 'P', 1, 22, 0, 2, 0, 25000, 25000, 100000000, 100000000, 6, 100, 200, 1.00, 13, 0, '', 1677609751, 0, 188), (189, 'AbancaTocopay 3D', 'P', 'TPV Evo', 'pasoD@firmaE', 1635270672, 1, 'Tocopay', '', 16, 'P', 1, 7, 0, 2, 5, 4500, 20000, 200000, 150000000, 20, 40, 1000, 1.00, 13, 0, '', 1635270672, 0, 189), (190, 'Transf Iberotravels', 'T', '<strong>Pagar a:</strong><br><br>Beneficiario: IBEROTRAVELS COMPANY 2000, S.L<br>Banco / Bank: Sabadell<br>Cuenta / Acount: 0081 2107 4800 0132 5540<br>Iban: ES31 0081 2107 4800 0132 5540<br>BIC/SWIFT: BSABESBBXXX<br>Direcci&oacute;n / Address: Elcano 14-48008 Bilbao.', NULL, 1636469604, 1, 'Iberotravels', NULL, 0, 'P', 0, 2, 0, 4, 0, 100000000, 100000000, 100000000, 100000000, 100, 100, 1000, 1.00, NULL, 0, NULL, 1636469604, 0, 190), (191, 'KutxaTpay 3D', 'P', '', 'pasoA@firmaX', 1636649513, 1, 'Tocopay', '', 17, 'P', 1, 37, 0, 2, 0, 9500, 100000000, 100000000, 100000000, 1000, 20, 1000, 1.00, 13, 0, '', 1677608896, 0, 191), (192, 'BMarchTocopay 3D USD', 'P', '', 'pasoA@firmaX', 1633523233, 0, 'Tocopay', '', 17, 'D', 1, 22, 0, 2, 0, 25000, 25000, 100000000, 100000000, 6, 100, 200, 1.00, 13, 0, '', 1701369621, 0, 188), (193, 'Transf Cajamar', 'T', '<strong>Pagar a:</strong><br><br>Beneficiario: BIDAIONDO S.L.<br>Banco / Bank: CAJAMAR Caja Rural<br>Iban: ES48 3058 1915 9727 2003 3997<br>BIC/SWIFT: CCRIES2AXXX', NULL, 1639084635, 1, 'Caribeantravelweb', NULL, 0, 'P', 0, 38, 0, 1, 0, 100000000, 100000000, 100000000, 100000000, 100, 100, 1000, 1.00, NULL, 0, NULL, 1639084637, 0, 193), (194, 'TefPayCripto', 'P', '', 'pasoK@firmaB', 1641829070, 0, 'Iberotravels', '', 13, 'P', 0, 40, 1, 1, 0, 9500, 20000, 100000000, 100000000, 100, 100, 500, 1.00, 2, 0, '', 1688407424, 0, 194), (195, 'Kutxabank 3D Viazul', 'P', '', 'pasoA@firmaX', 1621952426, 1, 'Caribeantravel Web', '', 17, 'P', 1, 37, 0, 1, 0, 9500, 100000000, 100000000, 100000000, 1000, 20, 1000, 1.00, 2, 0, '', 1647897843, 0, 175), (196, 'NavarraTef IT Viazul', 'P', '', 'pasoKN@firmaB', 1622650865, 1, 'Iberotravels', '', 13, 'P', 0, 17, 1, 4, 0, 9500, 20000, 100000000, 100000000, 100, 100, 500, 1.00, 8, 0, '', 1670359616, 0, 176), (197, 'NavarraTef IT TIENDAS Viazul', 'P', '', 'pasoKN@firmaB', 1622650865, 1, 'Iberotravels', '', 13, 'P', 0, 17, 1, 4, 0, 9500, 20000, 100000000, 100000000, 100, 100, 500, 1.00, 8, 0, '', 1670359552, 0, 176), (198, 'NavarraTef IT 3D Viazul', 'P', '', 'pasoKN@firmaB', 1622650865, 1, 'Iberotravels', '', 13, 'P', 1, 17, 1, 4, 0, 9500, 20000, 100000000, 100000000, 100, 100, 500, 1.00, 8, 0, '', 1670359412, 0, 176), (199, 'Bankinter 3D VIAZUL', 'P', '', 'pasoA@firmaX', 1605043429, 1, 'Caribeantravelweb', '', 17, 'P', 1, 30, 0, 1, 0, 4500, 30000, 100000000, 100000000, 1000, 100, 200, 1.00, 2, 0, '', 1647897764, 0, 151), (200, 'Transf Unicaja Ibero', 'T', '<strong>Pagar a:</strong><br><br>Beneficiario/ Beneficiary: IBEROTRAVELS COMPANY 2000, S.L<br>Banco: Unicaja<br>Cuenta: 2103 2975 9200 3010 2626<br>Iban: ES90 2103 2975 9200 3010 2626<br>BIC/SWIFT: UCJAES2MXXX', NULL, 1643834994, 1, 'Iberotravels', NULL, 0, 'P', 0, 36, 0, 4, 0, 100000000, 100000000, 100000000, 100000000, 100, 100, 1000, 1.00, NULL, 0, NULL, 1643834994, 0, 200), (201, 'Navarra1 3D DCC Micropagos', 'P', '', 'pasoA@firmaX', 1442859817, 1, 'Tropical Natur', '', 17, 'P', 1, 17, 0, 1, 0, 10000, 100000000, 100000000, 100000000, 1000, 20, 1000, 1.00, 3, 0, '', 1643840799, 0, 58), (202, 'BancaMarch 3D Micropagos', 'P', '', 'pasoA@firmaX', 1479222638, 1, 'TropicalNatur', '', 17, 'P', 1, 22, 0, 1, 5, 9500, 15000, 100000000, 100000000, 1000, 100, 1000, 1.00, 3, 0, '', 1643926252, 0, 67), (203, 'KutxaTpay2 3D', 'P', '', 'pasoA@firmaX', 1636649513, 1, 'Tocopay', '', 17, 'P', 1, 37, 0, 2, 0, 9500, 100000000, 100000000, 100000000, 1000, 20, 1000, 1.00, 13, 0, '', 1677608026, 0, 191), (204, 'TransfLab Kutxa Ibero', 'T', '<p><strong>Pagar a / Pay to:</strong></p>  <p>Beneficiario/ Beneficiary: IBEROTRAVELS  COMPANY 2000, S.L. <br />Banco/Bank: Laboral Kutxa <br />C.C.C. 3035 0201 20 2010022034 <br />IBAN: ES16 3035 0201 20 2010022034 <br />SWIFT: CLPEES2MXXX <br />Direccion/Address: Txori Herri Etorbidea, 28 - 48150 - Sondika (Bizkaia) <br /><br /><strong>Note:</strong> Este documento es para uso exclusivo del cliente. / This document is for customer use only.</p>', '', 1429026137, 1, 'Bidaiondo', '', 0, 'P', 0, 13, 0, 4, 0, 100000000, 100000000, 100000000, 100000000, 1000, 100, 1000, 1.00, 5, 0, '', 1644515714, 0, 55), (205, 'Triodos 3D Micropagos', 'P', '', 'pasoA@firmaX', 1490789253, 1, 'Tropicalnatur', '', 17, 'P', 1, 23, 0, 1, 0, 2000, 100000000, 100000000, 100000000, 100, 100, 1000, 1.00, 3, 0, '', 1645219508, 0, 73), (206, 'LabKutxa 3D Micropagos', 'P', '', 'pasoA@firmaX', 1422548539, 1, 'Tropical Natur', '', 17, 'P', 1, 13, 1, 1, 0, 2500, 7000, 100000000, 100000000, 200, 100, 100, 1.00, 3, 0, '', 1645219605, 0, 51), (207, 'BBVA 3D', 'P', '', 'pasoA@firmaX', 1646249677, 1, 'Transmovil', '', 17, 'P', 1, 1, 0, 6, 0, 100000000, 100000000, 100000000, 100000000, 1000, 20, 1000, 1.00, 12, 0, '', 1662046722, 0, 207), (208, 'BancaSabadell 3D VIAZUL', 'P', '', 'pasoA@firmaX', 1418156068, 0, 'Travels and Discovery', '', 17, 'P', 1, 12, 0, 3, 0, 40000, 80000, 100000000, 100000000, 1000, 100, 1000, 1.00, 14, 0, '', 1679595673, 0, 46), (209, 'Bankinter IT 3D', 'P', '', 'pasoA@firmaX', 1646770790, 1, 'Bidaitravel', '', 17, 'P', 1, 30, 0, 4, 0, 100000000, 100000000, 100000000, 100000000, 1000, 100, 500, 1.00, 8, 0, '', 1676390369, 0, 209), (210, 'Navarra B2B virt', 'P', '', 'pasoA@firmaX', 1545157824, 1, 'Tropical Natur', '', 17, 'P', 0, 17, 0, 1, 0, 9500, 100000000, 100000000, 100000000, 1000, 20, 1000, 1.00, 3, 0, '', 1647284818, 0, 110), (211, 'TransfLab Kutxa USD', 'T', '<p><strong>Pagar a / Pay to:</strong></p>  <p>Beneficiario / Beneficiary: BIDAIONDO S.L. <br />Banco/Bank: Laboral Kutxa <br />C.C.C. 3035 0201 23 2010017599 <br />IBAN: ES71 3035 0201 23 2010017599 <br />SWIFT: CLPEES2MXXX <br />Direccion/Address: Txori Herri Etorbidea, 28 - 48150 - Sondika (Bizkaia) <br /><br /><strong>Instrucciones para transferir fondos a Laboral Kutxa en USD/ Instructions for bank transfers to Laboral Kutxa in USD</strong> <br /><br />Debe enviar la transferencia a trav&eacute;s de uno de los siguientes bancos intermediarios: / You must send the transfer through our intermediary banks: <br /><br />Banco Intermediario / Intermediary bank: THE BANK OF NEW YORK MELLON<br />C.C.C. USD: 8900057467 <br />SWIFT: IRVTUS3N <br /><br />Banco Intermediario / Intermediary bank: DEUTSCHE BANK TRUST COMPANY AMERICA <br />C.C.C. USD: 04439811 <br />SWIFT: BKTRUS33 <br /><br /><strong>Note:</strong> Este documento es para uso exclusivo del cliente. / This document is for customer use only.</p>', '', 1429026137, 1, 'Bidaiondo', '', 0, 'P', 0, 13, 0, 1, 0, 100000000, 100000000, 100000000, 100000000, 1000, 100, 1000, 1.00, 5, 0, '', 1634584554, 0, 55), (212, 'TransfLab Kutxa Ibero USD', 'T', '<p><strong>Pagar a / Pay to:</strong></p>  <p>Beneficiario / Beneficiary: IBEROTRAVELS  COMPANY 2000, S.L. <br />Banco / Bank: Laboral Kutxa <br />C.C.C. 3035 0201 20 2010022034 <br />IBAN: ES16 3035 0201 20 2010022034 <br />SWIFT: CLPEES2MXXX <br />Direccion/Address: Txori Herri Etorbidea, 28 - 48150 - Sondika (Bizkaia) <br /><br /><strong>Instrucciones para transferir fondos a Laboral Kutxa en USD / Instructions for bank transfers to Laboral Kutxa in USD</strong> <br /><br />Debe enviar la transferencia a trav?s de uno de los siguientes bancos intermediarios:/ You must send the transfer through our intermediary banks: <br /><br />Banco Intermediario/ Intermediary bank: THE BANK OF NEW YORK MELLON<br />C.C.C. USD: 8900057467 <br />SWIFT: IRVTUS3N <br /><br />Banco Intermediario/ Intermediary bank: DEUTSCHE BANK TRUST COMPANY AMERICA <br />C.C.C. USD: 04439811 <br />SWIFT: BKTRUS33 <br /><br /><strong>Note:</strong> Este documento es para uso exclusivo del cliente. / This document is for customer use only.</p>', '', 1429026137, 1, 'Bidaiondo', '', 0, 'P', 0, 13, 0, 4, 0, 100000000, 100000000, 100000000, 100000000, 1000, 100, 1000, 1.00, 5, 0, '', 1647356568, 0, 55), (213, 'Caixabank 3D USD', 'P', '', 'pasoA@firmaX', 1631710767, 0, 'Transmovil', '', 17, 'P', 1, 10, 0, 6, 0, 9500, 100000000, 100000000, 100000000, 1000, 20, 1000, 1.00, 12, 0, '', 1659728452, 0, 213), (214, 'Santander 3D', 'P', '', 'pasoA@firmaX', 1605043429, 1, 'Transmovil', '', 17, 'P', 1, 8, 0, 6, 0, 4500, 30000, 100000000, 100000000, 1000, 100, 200, 1.00, 12, 0, '', 1662046905, 0, 214), (215, 'Xilema Paypal TJ', 'P', '', 'pasoL@firmaA', 1632146862, 1, '', '', 14, 'P', 0, 31, 0, 1, 0, 9500, 100000000, 100000000, 100000000, 100, 100, 1000, 1.00, 2, 0, '', 1698075735, 0, 185), (216, 'Laboral IT 3D', 'P', '', 'pasoA@firmaX', 1422548539, 1, 'Tropical Natur', '', 17, 'P', 1, 13, 1, 4, 0, 2500, 7000, 100000000, 100000000, 200, 100, 100, 1.00, 8, 0, '', 1650980075, 0, 51), (217, 'BancaMarch IT 3D', 'P', '', 'pasoA@firmaX', 1479222638, 1, 'TropicalNatur', '', 17, 'P', 1, 22, 0, 4, 5, 9500, 15000, 100000000, 100000000, 1000, 100, 1000, 1.00, 8, 0, '', 1648826020, 0, 217), (218, 'Moneytigo 3D', 'P', '', 'pasoQ@firmaG', 1649767254, 1, '', '', 25, 'P', 0, 31, 0, 1, 0, 9500, 100000000, 100000000, 100000000, 100, 100, 1000, 1.00, 2, 0, '', 1649767254, 0, 218), (219, 'BMarchTocopay2 3D', 'P', '', 'pasoA@firmaX', 1633523233, 1, 'Tocopay', '', 17, 'P', 1, 22, 0, 2, 0, 25000, 25000, 100000000, 100000000, 6, 100, 200, 1.00, 13, 0, '', 1701371109, 0, 188), (220, 'KutxaTpay3 3D', 'P', '', 'pasoA@firmaX', 1636649513, 1, 'Tocopay', '', 17, 'P', 1, 37, 0, 2, 0, 9500, 100000000, 100000000, 100000000, 1000, 20, 1000, 1.00, 13, 0, '', 1677608911, 0, 191), (221, 'NAVARRA BOLSA 3D', 'R', '', 'pasoA@firmaX', 1661174236, 1, 'CARIBEAN TRAVEL', '', 17, 'P', 1, 17, 0, 1, 0, 9500, 100000000, 100000000, 100000000, 1000, 20, 1000, 1.00, 12, 0, '', 1661174236, 0, 221), (222, 'BancaSabadell 3D TRANSTUR', 'P', '', 'pasoA@firmaX', 1418156068, 1, 'Travels and Discovery', '', 17, 'P', 1, 12, 0, 3, 0, 40000, 80000, 100000000, 100000000, 1000, 100, 1000, 1.00, 14, 0, '', 1679924931, 0, 46), (223, 'Xilema PAYPAL', 'P', '', 'pasoL@firmaA', 1632146862, 1, '', '', 14, 'P', 0, 31, 0, 1, 0, 9500, 100000000, 100000000, 100000000, 100, 100, 1000, 1.00, 2, 0, '', 1698695727, 0, 185), (224, 'Xilema Paypal TJ 3D', 'P', '', 'pasoL@firmaA', 1632146862, 1, '', '', 14, 'P', 1, 31, 0, 1, 0, 9500, 100000000, 100000000, 100000000, 100, 100, 1000, 1.00, 2, 0, '', 1698075767, 0, 185), (225, 'KUTXABANKTEF 3D', 'P', '', 'pasoKN@firmaB', 1668034800, 1, 'Caribeantravel Web', '', 13, 'P', 1, 37, 1, 1, 0, 9500, 20000, 100000000, 100000000, 100, 100, 500, 1.00, 2, 0, '', 1675868080, 0, 225), (226, 'KUTXAVPAY 3D', 'P', '', 'pasoA@firmaX', 1671221209, 1, 'Vidaipay', '', 17, 'P', 1, 37, 0, 7, 0, 40000, 80000, 100000000, 100000000, 1000, 100, 1000, 1.00, 15, 0, '', 1698261857, 0, 226), (227, 'Navarra B2B SOLWAYS', 'P', '', 'pasoA@firmaX', 1545157824, 1, 'Tropical Natur', '', 17, 'P', 0, 17, 0, 1, 0, 9500, 100000000, 100000000, 100000000, 1000, 20, 1000, 1.00, 3, 0, '', 1673972732, 0, 110), (228, 'BancaMarch 3D SOLWAYS', 'P', '', 'pasoA@firmaX', 1479222638, 1, 'TropicalNatur', '', 17, 'P', 1, 22, 0, 1, 5, 9500, 15000, 100000000, 100000000, 1000, 100, 1000, 1.00, 3, 0, '', 1673972770, 0, 67), (229, 'Navarrap 3D SOLWAYS', 'P', '', 'pasoO@firmaF', 1489007335, 1, 'Tropicalnatur', '', 21, 'P', 1, 17, 0, 1, 0, 10000, 100000000, 100000000, 100000000, 100, 100, 1000, 1.00, 3, 0, '', 1673972803, 0, 72), (230, 'NavarraTef IT 3D SOLWAYS', 'P', '', 'pasoKN@firmaB', 1622650865, 1, 'Iberotravels', '', 13, 'P', 1, 17, 1, 4, 0, 9500, 20000, 100000000, 100000000, 100, 100, 500, 1.00, 8, 0, '', 1673973919, 0, 176), (231, 'Triodos 3D SOLWAYS', 'P', '', 'pasoA@firmaX', 1490789253, 1, 'Tropicalnatur', '', 17, 'P', 1, 23, 0, 1, 0, 2000, 100000000, 100000000, 100000000, 100, 100, 1000, 1.00, 3, 0, '', 1673974692, 0, 73), (232, 'Bankinter 3D SOLWAYS', 'P', '', 'pasoA@firmaX', 1605043429, 1, 'Caribeantravelweb', '', 17, 'P', 1, 30, 0, 1, 0, 4500, 30000, 100000000, 100000000, 1000, 100, 200, 1.00, 2, 0, '', 1673974734, 0, 151), (233, 'Ingeniero 3D SOLWAYS', 'P', '', 'pasoA@firmaX', 1568910726, 1, 'Bidaiondo', '', 17, 'P', 1, 34, 0, 1, 0, 20000, 50000, 100000000, 100000000, 20, 100, 20, 1.00, 3, 0, '', 1673974759, 0, 116), (234, 'Papam 3D SOLWAYS', 'P', '', 'pasoM@firmaF', 1564492651, 0, 'Caribeantravelweb', '', 18, 'P', 1, 35, 0, 1, 0, 10000, 10000, 100000000, 100000000, 10, 100, 100, 1.00, 2, 0, '', 1694707062, 0, 115), (235, 'KUTXABANKTEF', 'P', '', 'pasoKN@firmaB', 1668034800, 1, 'Caribeantravel Web', '', 13, 'P', 0, 37, 1, 1, 0, 9500, 20000, 100000000, 100000000, 100, 100, 500, 1.00, 2, 0, '', 1702399145, 0, 225), (236, 'KUTXABANKTEF SOLWAYS', 'P', '', 'pasoKN@firmaB', 1668034800, 1, 'Caribeantravel Web', '', 13, 'P', 1, 37, 1, 1, 0, 9500, 20000, 100000000, 100000000, 100, 100, 500, 1.00, 2, 0, '', 1674662486, 0, 225), (237, 'NavarraTef IT SOLWAYS', 'P', '', 'pasoKN@firmaB', 1622650865, 1, 'Iberotravels', '', 13, 'P', 1, 17, 1, 4, 0, 9500, 20000, 100000000, 100000000, 100, 100, 500, 1.00, 8, 0, '', 1673981722, 0, 176), (238, 'UNICAJA 3D', 'P', 'TPV Evo', 'pasoD@firmaE', 1675699878, 1, 'Caribeantravelweb', '', 16, 'P', 1, 36, 0, 1, 5, 4500, 20000, 200000, 150000000, 20, 40, 1000, 1.00, 2, 0, '', 1679602860, 0, 238), (239, 'TefPayCripto 3D', 'P', '', 'pasoK@firmaB', 1641829070, 0, 'Iberotravels', '', 13, 'P', 1, 40, 1, 1, 0, 9500, 20000, 100000000, 100000000, 100, 100, 500, 1.00, 2, 0, '', 1688407488, 0, 194), (240, 'Titanes 3D Vpay', 'P', '', 'pasoA@firmaX', 1528123679, 1, 'Bidalketa', NULL, 3, 'P', 1, 33, 0, 7, 0, 10000, 100000000, 100000000, 100000000, 1000, 20, 1000, 1.00, 15, 0, '', 1531757840, 0, 91), (241, 'BBVATUR 3D', 'P', '', 'pasoA@firmaX', 1697651346, 1, 'Bidaitours', '', 17, 'D', 1, 1, 0, 6, 0, 20000, 50000, 100000000, 100000000, 20, 100, 20, 1.00, 16, 0, '', 1697651612, 0, 241), (242, 'BancaSabadell CSC 3D TRANSTUR', 'P', '', 'pasoA@firmaX', 1610470737, 1, 'Cubashopping Center', '', 17, 'P', 1, 12, 0, 3, 0, 9500, 100000000, 100000000, 100000000, 1000, 20, 1000, 1.00, 10, 0, '', 1701702718, 0, 163), (243, 'KutxaBankPC 3D', 'P', '', 'pasoO@firmaF', 1698864149, 1, 'Caribeantravelweb', '', 21, 'P', 1, 37, 0, 1, 0, 10000, 100000000, 100000000, 100000000, 100, 100, 1000, 1.00, 2, 0, '', 1699451038, 0, 243), (244, 'Abanca 3D BIZUM', 'P', 'TPV Evo', 'pasoD@firmaE', 1376280030, 1, 'Travels and Discovery', '', 16, 'P', 1, 7, 0, 1, 5, 10000, 20000, 200000, 150000000, 20, 40, 1000, 1.00, 1, 0, '', 1701183480, 0, 12), (245, 'AbancaTN 3D BIZUM', 'P', 'TPV Evo', 'pasoD@firmaE', 1584619983, 1, 'Travels and Discovery', '', 16, 'P', 1, 7, 0, 1, 5, 4500, 20000, 200000, 150000000, 20, 40, 1000, 1.00, 3, 0, '', 1701183497, 0, 144), (246, 'Bankinter 3D AMEX', 'P', '', 'pasoA@firmaX', 1605043429, 1, 'Caribeantravelweb', '', 17, 'P', 1, 30, 0, 1, 0, 4500, 30000, 100000000, 100000000, 1000, 100, 200, 1.00, 2, 0, '', 1701183678, 0, 151), (247, 'Titanes 3D Pruebas', 'P', '', 'pasoA@firmaX', 1702314348, 1, 'Maf Servicios Integrales', NULL, 3, 'D', 1, 33, 0, 2, 0, 10000, 100000000, 100000000, 100000000, 1000, 20, 1000, 1.00, 5, 0, '', 1702314348, 0, 91);
COMMIT;

-- ----------------------------
-- Table structure for tbl_tarjetas
-- ----------------------------
CREATE TABLE `tbl_tarjetas`  (
  `id` int NOT NULL AUTO_INCREMENT,
  `nombre` varchar(200) CHARACTER SET utf8 COLLATE utf8_spanish_ci NOT NULL,
  `imagen` varchar(200) CHARACTER SET utf8 COLLATE utf8_spanish_ci NULL DEFAULT NULL,
  `activo` tinyint NOT NULL DEFAULT 1,
  `tipo` char(1) CHARACTER SET utf8 COLLATE utf8_spanish_ci NOT NULL DEFAULT 'T' COMMENT 'T para las tarjetas, M para métodos de pago',
  PRIMARY KEY (`id`) USING BTREE,
  INDEX `tipo`(`tipo` ASC) USING BTREE
) ENGINE = InnoDB AUTO_INCREMENT = 19 CHARACTER SET = utf8 COLLATE = utf8_spanish_ci;

-- ----------------------------
-- Records of tbl_tarjetas
-- ----------------------------
BEGIN;
INSERT INTO `tbl_tarjetas` (`id`, `nombre`, `imagen`, `activo`, `tipo`) VALUES (1, 'American Express', 'amex', 1, 'T'), (2, 'Visa', 'visa', 1, 'T'), (3, 'Mastercard', 'mastercard', 1, 'T'), (4, 'Dinners Club Internacional', 'dinners', 1, 'T'), (5, 'JCB', 'jcb', 1, 'T'), (9, 'Mastercard Maestro', 'maestro', 1, 'T'), (10, 'Visa Electrón', 'visa-electron', 1, 'T'), (11, 'Tarjeta Virtual', 'virtual-card', 1, 'T'), (12, 'Bizum', 'bizum', 1, 'M'), (13, 'Iupay', 'iupay', 1, 'M'), (14, 'Discover Global ', 'discover', 1, 'T'), (15, 'Unión Pay', 'union', 1, 'M'), (16, 'Paypal', 'paypal', 1, 'M'), (17, 'Criptomoneda', 'cripto', 1, 'M'), (18, 'GPay', 'gpay', 1, 'M');
COMMIT;

-- ----------------------------
-- Triggers structure for table tbl_colPasarMon
-- ----------------------------
delimiter ;;
CREATE TRIGGER `tr_inmonPasar` AFTER INSERT ON `tbl_colPasarMon` FOR EACH ROW begin
	declare num_rows int default 0;
	declare no_more_rows boolean;
	declare idL int default 0;
	declare VM int default 0;
    declare pasarIn int default new.idpasarela;

	declare cur_limites cursor for select id, valMax from tbl_limites;
	declare continue handler for not found set no_more_rows = true;

	open cur_limites;
	select FOUND_ROWS() into num_rows;
	lazo1: loop
		fetch next from cur_limites into idL, VM;
		if no_more_rows then
			close cur_limites;
			leave lazo1;
		end if;
		insert into tbl_colPasarLimite (idPasar, idLimite, idmoneda, valor) values (new.idpasarela, idL, new.idmoneda, VM);
	end loop lazo1;

end
;;
delimiter ;

-- ----------------------------
-- Triggers structure for table tbl_colPasarMon
-- ----------------------------
delimiter ;;
CREATE TRIGGER `tr_delmonPasar` AFTER DELETE ON `tbl_colPasarMon` FOR EACH ROW begin
	delete from tbl_colPasarLimite where idPasar = old.idpasarela and idmoneda = old.idmoneda;
end
;;
delimiter ;

SET FOREIGN_KEY_CHECKS = 1;
